Compound,Date,Negative,Neutral,News Outlet,Positive,Tweet Text,Tweets Count
0.7964,Fri Jul 13 20:32:04 +0000 2018,0.0,0.728,@BBC,0.272,"Gary Barlow and his ten-piece band perform songs including Greatest Day, Back for Good and Rule the World against t‚Ä¶ https://t.co/xAcRAKlkmn",1
0.8268,Fri Jul 13 18:31:05 +0000 2018,0.0,0.688,@BBC,0.312,"The world's greatest classical musical festival is back! üé∂üéªüëè @bbcproms 2018

First Night of the Proms | 8:30pm |‚Ä¶ https://t.co/JKCkC5EMMs",2
0.0,Fri Jul 13 18:30:37 +0000 2018,0.0,1.0,@BBC,0.0,"RT @BBCSport: This is some semi-final.

Watch Kevin Anderson and John Isner live on @BBCTwo and online.

https://t.co/gmKgD0Vwbx https://t.‚Ä¶",3
-0.7876,Fri Jul 13 17:32:04 +0000 2018,0.331,0.669,@BBC,0.0,"When someone gets sassy but you've got a killer comeback... üòÇüëè @robbrydon #WILTY

https://t.co/cmdBgsfTm1",4
0.9022,Fri Jul 13 17:02:05 +0000 2018,0.0,0.665,@BBC,0.335,"The best time to plant a tree was 20 years ago. The second best time is now. üå≥

Eight Chinese proverbs to help with‚Ä¶ https://t.co/zqSO489S8G",5
-0.0516,Fri Jul 13 15:59:00 +0000 2018,0.062,0.938,@BBC,0.0,"When your colleagues ask why you need to leave work at 5pm on the dot... üç∑üíÉ

#FridayFeeling #Versailles https://t.co/Tmba34H72w",6
0.0,Fri Jul 13 15:47:44 +0000 2018,0.0,1.0,@BBC,0.0,RT @BBCNews: Downton Abbey film finally confirmed https://t.co/VcQvk7lFJb,7
0.0382,Fri Jul 13 15:04:04 +0000 2018,0.0,0.952,@BBC,0.048,"""I can't pay you, but you can use the photos in your portfolio."" üôÑ  

Every photographer can relate to this. 

https://t.co/AIriphAyym",8
-0.7579,Fri Jul 13 12:03:03 +0000 2018,0.427,0.418,@BBC,0.155,"The secret to a long, happy relationship? 

Lying, lying and more lying. ‚ù§Ô∏èÔ∏èüòÇ @rhysnicholson

https://t.co/K0t1XAHovC",9
0.3182,Fri Jul 13 11:03:03 +0000 2018,0.0,0.881,@BBC,0.119,"The original 1926 map of The Hundred Acre Wood from Winnie-the-Pooh has sold for a record ¬£430,000. üìñüçØ‚Ä¶ https://t.co/YoDZxpIlLe",10
0.0,Fri Jul 13 10:01:02 +0000 2018,0.0,1.0,@BBC,0.0,RT @bbcproms: A Spectacular curtain raiser last night by @AnnaHMeredith &amp; @59productions  commissioned by @bbcproms @edintfest @1418NOW  in‚Ä¶,11
0.0,Fri Jul 13 09:59:32 +0000 2018,0.0,1.0,@BBC,0.0,RT @BBCTheOneShow: It's @ChrisGPackham UK Bioblitz 2018. Over ten days Chris &amp; his team will visit 50 wildlife sites in the UK to highlight‚Ä¶,12
0.0,Fri Jul 13 08:03:04 +0000 2018,0.0,1.0,@BBC,0.0,"Who is the mysterious Hester Appleyard?

Natalie Dormer spills the beans on her enigmatic role in‚Ä¶ https://t.co/6oHcD9SONr",13
0.1779,Fri Jul 13 07:27:05 +0000 2018,0.0,0.909,@BBC,0.091,"""I think the NHS is one of the biggest assets we have in this country,"" says @JonniePeacock.‚Ä¶ https://t.co/PTiCP0xeHc",14
-0.4003,Fri Jul 13 07:03:02 +0000 2018,0.187,0.813,@BBC,0.0,"‚ö†Ô∏è Watch out! ‚ö†Ô∏è Today is Friday the 13th...

üìÜüò∞ But why is this date considered unlucky?

https://t.co/RJelR8Rw6p",15
-0.0772,Thu Jul 12 20:02:02 +0000 2018,0.071,0.929,@BBC,0.0,"üò∫üé¨ Meet Lisio, the ginger cat who jumped onto his owner's shoulders during a serious TV interview.

üëâ‚Ä¶ https://t.co/7DmhNcHnU6",16
0.6249,Thu Jul 12 18:04:07 +0000 2018,0.0,0.806,@BBC,0.194,"Great Britain's John Curry was the world's first out gay Olympian. This is his story. ‚õ∏

https://t.co/8kFobV3AWe",17
-0.7271,Thu Jul 12 17:03:06 +0000 2018,0.313,0.55,@BBC,0.137,Not all heroes wear capes. This Australian diving doctor abandoned his holiday to stay with the boys trapped in a c‚Ä¶ https://t.co/BRaTqIJP19,18
0.0,Thu Jul 12 16:03:02 +0000 2018,0.0,1.0,@BBC,0.0,"Orkney‚Äôs mysterious stone circles are older than Stonehenge... 

https://t.co/Cbuq22PkVm",19
0.6597,Thu Jul 12 14:47:18 +0000 2018,0.178,0.512,@BBC,0.31,"RT @BBCOne: Love and trust, shattered by secrets and lies. Keeping Faith from @BBCWales starring @TeamEveMyles starts tonight at 9pm on BBC‚Ä¶",20
0.4404,Thu Jul 12 13:04:03 +0000 2018,0.0,0.854,@BBC,0.146,"The university access watchdog says students' backgrounds should be taken into account when awarding places, to imp‚Ä¶ https://t.co/q9vW9zt46B",21
0.0,Thu Jul 12 12:04:04 +0000 2018,0.0,1.0,@BBC,0.0,"Why are more parents around the world choosing to raise only children?

https://t.co/bWil43TvES",22
-0.3182,Thu Jul 12 11:43:48 +0000 2018,0.087,0.913,@BBC,0.0,"RT @BBCFOUR: Dr Lucy Worsley shows how Britain's new ruling family fought the French, the Jacobites and each other, all at the same time. T‚Ä¶",23
0.0,Thu Jul 12 11:02:03 +0000 2018,0.0,1.0,@BBC,0.0,Meet the people getting the @bbcproms off to a spectacular start. üòçüé∂üéª https://t.co/rD5I0XXrLz https://t.co/5im1Tokqsr,24
0.0,Thu Jul 12 10:30:00 +0000 2018,0.0,1.0,@BBC,0.0,"‚ôªÔ∏èü•õMeet the schoolchildren who redesigned their milk cartons without plastic straws. 

Their school now uses fully‚Ä¶ https://t.co/hK4M1UtcHk",25
-0.1788,Thu Jul 12 08:03:03 +0000 2018,0.182,0.733,@BBC,0.086,"Adam can't hide the fact that he has a stutter, and he doesn't want to anymore.

https://t.co/JVzJkk828L",26
0.0,Thu Jul 12 07:31:08 +0000 2018,0.0,1.0,@BBC,0.0,"Native wildlife is ""flocking back"" to the Outer Hebrides following a 17-year project to eradicate the American mink‚Ä¶ https://t.co/QbGQddmWyW",27
-0.3595,Thu Jul 12 07:03:04 +0000 2018,0.161,0.839,@BBC,0.0,"Walrus siestas can last a week! üí§ These incredible creatures know how to nap... 

https://t.co/qZRpNBkpuc",28
0.1967,Wed Jul 11 20:39:03 +0000 2018,0.0,0.905,@BBC,0.095,"It‚Äôs not coming home. üíî

But it's been an incredible journey. ‚ô•Ô∏è

https://t.co/TrqeqzfTUq  #ENG #WorldCup‚Ä¶ https://t.co/nCoN5lDJys",29
0.0,Wed Jul 11 20:23:23 +0000 2018,0.0,1.0,@BBC,0.0,"RT @BBCSport: GOAL

Mario Mandzukic drills Croatia in front.

#CRO 2-1 #ENG 

LIVE:
üì± https://t.co/C5GtYW7jpj 
üìª @5liveSport 

#ENGCRO #Wor‚Ä¶",30
-0.1027,Wed Jul 11 20:03:46 +0000 2018,0.065,0.935,@BBC,0.0,"RT @BBCSport: Extra-time it is... and we're underway...

How are your nerves?

#CRO 1-1 #ENG 

LIVE:
üì± https://t.co/C5GtYW7jpj 
üìª @5liveSpo‚Ä¶",31
0.3612,Wed Jul 11 19:52:13 +0000 2018,0.0,0.878,@BBC,0.122,"Full time: #CRO 1-1 #ENG 

Who's ready for another 30 minutes?

Follow it live: 
üì± https://t.co/TrqeqzfTUq  
üìª‚Ä¶ https://t.co/CuPZrrxFEW",32
-0.296,Wed Jul 11 19:49:56 +0000 2018,0.306,0.694,@BBC,0.0,RT @BBCBreakfast: No fingernails left... https://t.co/E4oE20owSY,33
0.0,Wed Jul 11 19:27:11 +0000 2018,0.0,1.0,@BBC,0.0,"RT @BBCSport: GOAL 

#CRO 1-1 #ENG 

Ivan Perisic meets a cross to flick Croatia level.

LIVE:
üì± https://t.co/C5GtYW7jpj 
üìª @5liveSport htt‚Ä¶",34
-0.0191,Wed Jul 11 19:20:29 +0000 2018,0.056,0.944,@BBC,0.0,"It doesn't matter where you're watching, as long as you're watching. ‚öΩÔ∏è‚öΩÔ∏è‚öΩÔ∏è

Millions of #ENG fans are watching‚Ä¶ https://t.co/geST9JHDr4",35
0.0,Wed Jul 11 19:16:46 +0000 2018,0.0,1.0,@BBC,0.0,"RT @5liveSport: Only three men have ever scored for #ENG in a semi-final of a #WorldCup

‚öΩ Sir Bobby Charlton
‚öΩ @GaryLineker
‚öΩ Kieran Tripp‚Ä¶",36
0.6705,Wed Jul 11 19:02:33 +0000 2018,0.0,0.776,@BBC,0.224,"RT @BBCOne: We‚Äôre pretty sure that exactly 53% of the population is covered in beer right now ü§îü§ó #ENGCRO #WorldCup

https://t.co/l5UTbo9n7x",37
0.3182,Wed Jul 11 19:02:02 +0000 2018,0.0,0.874,@BBC,0.126,A gripping reimagining of Joan Lindsay's iconic novel that delves into the mysterious disappearances of three schoo‚Ä¶ https://t.co/d4nPoQXIYJ,38
0.0,Wed Jul 11 18:50:03 +0000 2018,0.0,1.0,@BBC,0.0,"Half time in Moscow. 

#CRO 0-1 #ENG
Ôøº
Follow:

üì± https://t.co/5KN3TtJ2Zz  
üìª @5livesport

#ENGCRO #WorldCup https://t.co/TVSyyaX8dl",39
0.0,Wed Jul 11 18:06:07 +0000 2018,0.0,1.0,@BBC,0.0,"RT @BBCSport: GOAL!

What a start! What a goal!

Kieran Trippier whips a free-kick right in! 

#CRO 0-1 #ENG 

LIVE: 
üì± https://t.co/C5GtYW‚Ä¶",40
0.0,Wed Jul 11 18:00:11 +0000 2018,0.0,1.0,@BBC,0.0,"It's time. ‚öΩÔ∏è

#ENGCRO #worldcup #bbcworldcup https://t.co/A0zRUx5CVK",41
0.0,Wed Jul 11 17:57:05 +0000 2018,0.0,1.0,@BBC,0.0,"Prince Harry knows... #ItsComingHome Ô∏è‚öΩÔ∏è‚û°Ô∏èüè†

#ENGCRO #ENG #WorldCup #ThreeLions 

https://t.co/ouBlfHLWry",42
0.0,Wed Jul 11 17:01:04 +0000 2018,0.0,1.0,@BBC,0.0,"The @BBCEastenders prediction for tonight's #WorldCup semi-final? 

""Ta-ta Croatia!"" üëãüòÇ @MrDDyer

#ThreeLions‚Ä¶ https://t.co/wRv1AlP9s6",43
0.0,Wed Jul 11 16:01:05 +0000 2018,0.0,1.0,@BBC,0.0,"What's that David Attenborough... it's coming home? üè¥Û†ÅßÛ†Å¢Û†Å•Û†ÅÆÛ†ÅßÛ†ÅøÔ∏è‚öΩÔ∏èüèÜüòÜ

üîä Turn your sound on!  üîä

#WorldCup #ThreeLions‚Ä¶ https://t.co/fkYYIqg2fO",44
0.0,Wed Jul 11 13:03:06 +0000 2018,0.0,1.0,@BBC,0.0,The National Gallery has acquired its first work by a woman for 27 years. üñå https://t.co/WkCtpvqKtN https://t.co/NZRjCCw3z5,45
0.5994,Wed Jul 11 11:32:03 +0000 2018,0.0,0.692,@BBC,0.308,"The last time #ENG played a #WorldCup Semi Final, @bbceastenders looked like this... https://t.co/JeYtBettzm",46
0.3612,Wed Jul 11 11:02:02 +0000 2018,0.0,0.894,@BBC,0.106,"ü§î Game Boys, Vanilla Ice and a new TV programme called 'The Simpsons'... 

This is what #England looked like last t‚Ä¶ https://t.co/YTCXpNJvqb",47
0.0,Wed Jul 11 09:53:20 +0000 2018,0.0,1.0,@BBC,0.0,"RT @BBCSport: Just hold on...it's coming home.

#WorldCup #ThreeLions https://t.co/TCTpYhNV1s",48
0.5719,Wed Jul 11 09:32:05 +0000 2018,0.0,0.829,@BBC,0.171,"This will give you goosebumps. 

The last time England won a #WorldCup semi-final it was a 2-1 victory over Portuga‚Ä¶ https://t.co/2gRGni9S3y",49
-0.2732,Wed Jul 11 09:04:05 +0000 2018,0.095,0.905,@BBC,0.0,"In this city, a six-figure salary is considered 'low income' and not enough for a family of four to get by on.‚Ä¶ https://t.co/1qyDWTPSrG",50
0.5859,Wed Jul 11 08:00:00 +0000 2018,0.0,0.891,@BBC,0.109,"#BluePlanet2 ‚úÖ 
That unforgettable concert ‚úÖ 
Brilliant Bedtime Stories ‚úÖ
A new Doctor ‚úÖ
and so much more. Here are‚Ä¶ https://t.co/ZVSKIHOXDk",51
0.8499,Wed Jul 11 07:39:04 +0000 2018,0.0,0.584,@BBC,0.416,"RT @BBCSport: More of this please! üòä

#ENGCRO #ENG #ThreeLions #bbcworldcup https://t.co/706Vsdfy2Y",52
-0.8402,Wed Jul 11 07:33:03 +0000 2018,0.429,0.571,@BBC,0.0,"üíà‚öΩÔ∏èüôåüèæ Dead trims, missed penalties, 30 yard screamers, calling players out, football coming home...‚Ä¶ https://t.co/ZrrQJ1Qn9h",53
0.0,Wed Jul 11 07:03:05 +0000 2018,0.0,1.0,@BBC,0.0,"üå°üî•‚òÄÔ∏è This one goes out to all the gingers braving the sun today... 

https://t.co/4Ed3y2Xp0f",54
0.0,Tue Jul 10 20:02:05 +0000 2018,0.0,1.0,@BBC,0.0,"The heatwave has unveiled ancient hillforts and Roman settlements in Wales. üëâ
 https://t.co/L1VdHWkMP7 https://t.co/luXjJV5v3Y",55
0.0,Tue Jul 10 19:04:02 +0000 2018,0.0,1.0,@BBC,0.0,"Take a look at the rollercoaster years at Nokia, a company that dominated a nation. 

The Rise and Fall of Nokia |‚Ä¶ https://t.co/7uflzUaeTj",56
0.8625,Tue Jul 10 18:04:04 +0000 2018,0.0,0.61,@BBC,0.39,"Can you feel richer by giving your money away? üí∏ This lottery winner thinks so.

https://t.co/BgKlrEfssV",57
0.7717,Tue Jul 10 17:31:05 +0000 2018,0.0,0.676,@BBC,0.324,"'I wanted to live inside you like a parasite'. 

A letter to my first love üíåüëâ https://t.co/batgnuHRoi https://t.co/G0kGuLzHqU",58
-0.8338,Tue Jul 10 15:32:02 +0000 2018,0.34,0.593,@BBC,0.066,"üôÖNo one likes making mistakes, but messing up isn‚Äôt always a bad thing.

Here are six reasons why making mistakes c‚Ä¶ https://t.co/N7jMLZKLcE",59
0.7269,Tue Jul 10 15:14:38 +0000 2018,0.0,0.724,@BBC,0.276,"RT @bbctennis: Serena Williams has some pretty big names supporting her.

Oh hey, @Drake 

LIVEüëâhttps://t.co/RIpcahMeKm
üì∫ @BBCOne 
#bbctenn‚Ä¶",60
0.6763,Tue Jul 10 13:01:05 +0000 2018,0.079,0.68,@BBC,0.242,"No one does strawberries like we do in Britain! üçìüá¨üáßüç¶

Now they're in season, make the most of these delicious straw‚Ä¶ https://t.co/QKdHxenZNu",61
0.4939,Tue Jul 10 12:18:03 +0000 2018,0.0,0.868,@BBC,0.132,'Everyone safe': all 12 members of a Thai youth football team and their coach have been brought safely out of the c‚Ä¶ https://t.co/c5bzSFM2ND,62
0.0,Tue Jul 10 12:03:04 +0000 2018,0.0,1.0,@BBC,0.0,"Neelam and Dinesh‚Äôs son Akash took his own life three years ago. 

Now they‚Äôre trying to get the British Asian comm‚Ä¶ https://t.co/pX5ZIH2mj3",63
0.4588,Tue Jul 10 11:33:00 +0000 2018,0.073,0.769,@BBC,0.158,"Ever found something weird and wonderful on a British beach? 

@BBCFOUR will be LIVE from the Jurassic Coast next w‚Ä¶ https://t.co/CY4ej7SjQh",64
-0.5632,Tue Jul 10 11:04:01 +0000 2018,0.174,0.826,@BBC,0.0,"Have you ever seen a baby puffin? üê£

Experts worry we may not get the chance in the future if Scotland‚Äôs puffin pop‚Ä¶ https://t.co/uRKs7VXQMv",65
0.0,Tue Jul 10 09:17:05 +0000 2018,0.0,1.0,@BBC,0.0,RT @bbcweather: Remember to look up around 1pm today if you're in London / SE / Suffolk / Colchester / Chelmsford for the @RoyalAirForce #R‚Ä¶,66
0.3612,Tue Jul 10 09:06:27 +0000 2018,0.0,0.884,@BBC,0.116,"RT @BBCOne: ‚ÄúI felt like a piece of meat at a meat market‚Äù.

@BBCPanorama investigates President Donald Trump.

Tonight | 8.30pm | BBC One‚Ä¶",67
0.8402,Tue Jul 10 08:59:10 +0000 2018,0.0,0.5,@BBC,0.5,RT @BBCNews: Cave rescue: Divers ready to save remaining five Thais https://t.co/ed7GteDLor,68
0.0,Tue Jul 10 08:56:04 +0000 2018,0.0,1.0,@BBC,0.0,"RT @bbcweather: London's sunset last night, photographed by Funda Cizgenakad. Jo https://t.co/gijPHaWMpa",69
0.4939,Tue Jul 10 08:55:48 +0000 2018,0.0,0.878,@BBC,0.122,"RT @BBCSport: We have some exciting news...

@andy_murray will be joining the BBC commentary team this week at @Wimbledon 

üëâ https://t.co/‚Ä¶",70
0.0,Tue Jul 10 08:05:02 +0000 2018,0.0,1.0,@BBC,0.0,"Sue has looked after lots of orphaned wombats before, but Stacy is a real handful! üò≥

https://t.co/JCFTLP1Xjg",71
0.5719,Tue Jul 10 07:29:03 +0000 2018,0.0,0.829,@BBC,0.171,"Today, @sophieraworth presents live coverage of events to celebrate 100 years of aviation and endeavour in the Roya‚Ä¶ https://t.co/l0Of2zTYaH",72
0.6369,Mon Jul 09 20:02:05 +0000 2018,0.0,0.833,@BBC,0.167,"The greatest ice skater of all time, John Curry transformed a dated sport into an art form and made history by beco‚Ä¶ https://t.co/rKqQzp8Gv5",73
0.5994,Mon Jul 09 19:02:06 +0000 2018,0.0,0.818,@BBC,0.182,"‚ÄúI want to tell you honey you are the hero in my heart‚Äù

Saman Gunan's wife and father tell @BBCWorld about the man‚Ä¶ https://t.co/axL8XkMgc0",74
0.4767,Mon Jul 09 18:02:03 +0000 2018,0.0,0.78,@BBC,0.22,"That time David Attenborough made friends with a baby rhino. üò≠‚ù§Ô∏èÔ∏èü¶è #Africa 

https://t.co/Z5F0jaNk57",75
0.9403,Mon Jul 09 16:04:04 +0000 2018,0.0,0.505,@BBC,0.495,"Although they're great fun, they're not always great for the environment... 

Here's how to go to a festival withou‚Ä¶ https://t.co/tvnMfnCrlL",76
0.0,Mon Jul 09 15:51:05 +0000 2018,0.0,1.0,@BBC,0.0,"RT @BBCBreaking: Prince Louis arrives for his christening service at the Chapel Royal, St James's Palace

https://t.co/TGe9Ld5mpM https://t‚Ä¶",77
0.8268,Mon Jul 09 15:20:14 +0000 2018,0.0,0.701,@BBC,0.299,"RT @BBCRadio2: Happy International Town Criers' Day! Watch @chestercrier teach @ed_miliband how to do the perfect ""oyez""  üó£ https://t.co/Ha‚Ä¶",78
0.8221,Mon Jul 09 14:29:05 +0000 2018,0.0,0.664,@BBC,0.336,"""Can I drum?‚Äù ü•Åü§∑‚Äç‚ôÇÔ∏è

This is the amazing moment when @thekillers let a fan join them on stage at @TRNSMTfest! üôå‚Ä¶ https://t.co/6DnHpaJxer",79
-0.5423,Mon Jul 09 14:23:06 +0000 2018,0.22,0.78,@BBC,0.0,"RT @BBCBreaking: Boris Johnson resigns as UK Foreign Secretary, following the resignation of Brexit Secretary David Davis https://t.co/gFKn‚Ä¶",80
0.4215,Mon Jul 09 14:17:04 +0000 2018,0.0,0.872,@BBC,0.128,"Divers have rescued four more boys from the vast flooded cave system in northern Thailand.

Follow live updates her‚Ä¶ https://t.co/cuWPaHhVTW",81
-0.4767,Mon Jul 09 13:03:05 +0000 2018,0.205,0.795,@BBC,0.0,"Searching for the 'angel' who held me during the Westminster attack. 

https://t.co/Hgb96AhD1J https://t.co/SPXbsc6t1A",82
0.6597,Mon Jul 09 12:18:40 +0000 2018,0.115,0.531,@BBC,0.354,"RT @bbctennis: The number of Grand Slam singles titles won by today's Centre Court players.

üèÜüèÜüèÜüèÜüèÜüèÜüèÜüèÜüèÜüèÜüèÜüèÜüèÜüèÜüèÜüèÜüèÜüèÜüèÜüèÜüèÜüèÜüèÜüèÜüèÜüèÜüèÜüèÜüèÜüèÜüèÜüèÜüèÜüèÜüèÜüèÜüèÜüèÜüèÜüèÜüèÜüèÜüèÜüèÜüèÜüèÜ‚Ä¶",83
0.0,Mon Jul 09 12:01:04 +0000 2018,0.0,1.0,@BBC,0.0,"'I spread happiness': meet Irene, a yoga teacher who teaches in prisons. üßò

https://t.co/LkBRZK5BJe",84
-0.5255,Mon Jul 09 11:03:02 +0000 2018,0.166,0.834,@BBC,0.0,"What's wrong with the way we decorated?! üòÇüõÄüë∑

Couple find a 23-year-old hidden message while refurbishing their bat‚Ä¶ https://t.co/gfFrVjlZee",85
0.0,Mon Jul 09 10:03:09 +0000 2018,0.0,1.0,@BBC,0.0,Prince Louis will be christened later in a private ceremony in the Chapel Royal at St James's Palace. üë∂‚Ä¶ https://t.co/NOvYzzMN0F,86
0.25,Mon Jul 09 08:51:27 +0000 2018,0.0,0.913,@BBC,0.087,RT @BBCWorld: Cave divers in Thailand are poised to restart the high-risk operation to extract the remaining eight boys and their football‚Ä¶,87
-0.6486,Mon Jul 09 08:51:21 +0000 2018,0.281,0.719,@BBC,0.0,RT @BBCWorld: Japan floods: At least 100 dead in record rainfall https://t.co/SyQmfJ7R2J,88
0.6597,Mon Jul 09 08:51:17 +0000 2018,0.0,0.795,@BBC,0.205,"RT @bbcgetinspired: Way back when @England winning the #WorldCup was just a pipe dream, we caught up with Gareth Southgate to find out his‚Ä¶",89
0.0,Mon Jul 09 08:51:06 +0000 2018,0.0,1.0,@BBC,0.0,"RT @BBCArchive: #OnThisDay 2001: The Office was first broadcast, on @BBCTwo. https://t.co/TgfV8bNhy4",90
0.5719,Mon Jul 09 08:03:05 +0000 2018,0.0,0.701,@BBC,0.299,"What's it like living with OCD? These people share their experience. 
#TrustMeImADoctor https://t.co/Ed41awcqEM",91
-0.0516,Mon Jul 09 07:27:05 +0000 2018,0.066,0.934,@BBC,0.0,"'I didn‚Äôt leave the house for three months because of my anxiety.'
üëâ https://t.co/8q5C6bvqI7 https://t.co/qlAwtudj5E",92
0.0,Mon Jul 09 07:00:09 +0000 2018,0.0,1.0,@BBC,0.0,‚ö° This Korean entrepreneur has an idea that could revolutionise how power is generated. https://t.co/csjLDoyZoN,93
0.4019,Sun Jul 08 21:07:05 +0000 2018,0.0,0.838,@BBC,0.162,"Justin Bieber 'engaged to Hailey Baldwin', US media say. üëâ https://t.co/j8cKfq8AtD https://t.co/HkqnZAQJi4",94
-0.6908,Sun Jul 08 20:52:12 +0000 2018,0.207,0.793,@BBC,0.0,"RT @BBCBreaking: UK police launch murder inquiry after Dawn Sturgess, 44, dies after exposure to nerve agent Novichok https://t.co/adk3o7Sj‚Ä¶",95
0.0,Sun Jul 08 20:05:00 +0000 2018,0.0,1.0,@BBC,0.0,"‚úäüõçüõí This family have changed their shopping habits to reduce their plastic footprint.
#PlasticsAction https://t.co/RL3U1Vk7EN",96
0.0,Sun Jul 08 19:04:02 +0000 2018,0.0,1.0,@BBC,0.0,‚ù§Ô∏è This man is cleaning all 388 Holocaust plaques in his city. https://t.co/AfdxFBxxJ4,97
-0.6908,Sun Jul 08 18:04:02 +0000 2018,0.439,0.561,@BBC,0.0,'Did air pollution kill my daughter?' https://t.co/XzWSWFga6S,98
0.5106,Sun Jul 08 17:32:05 +0000 2018,0.0,0.864,@BBC,0.136,"The operation to free 12 boys and their coach from a cave in northern Thailand is running ""smoothly"", the head of t‚Ä¶ https://t.co/fbCN1JeN1K",99
0.5994,Sun Jul 08 17:02:03 +0000 2018,0.0,0.794,@BBC,0.206,"üé∂üéª‚ú® Tonight, @thekatiederham introduces 2018's open-air concert from the magnificent gardens of the Schonbrunn Pala‚Ä¶ https://t.co/AHAYPRtAJn",100
0.1139,Fri Jul 13 21:35:01 +0000 2018,0.0,0.922,@CBS,0.078,"Stand up. Speak up. Blow the whistle. 

Don't miss the premiere of the @TrueCrimeCBS series #Whistleblower tonight‚Ä¶ https://t.co/uNhx4Codc2",1
-0.4404,Fri Jul 13 21:15:41 +0000 2018,0.132,0.868,@CBS,0.0,"RT @TheNeighborhood: There's a new family on the block, and they're about to turn this neighborhood upside down. @CedEntertainer and @Tichi‚Ä¶",2
0.0,Fri Jul 13 17:49:38 +0000 2018,0.0,1.0,@CBS,0.0,Take a walk down @YandR_CBS memory lane with stars @JessWaltonYR and Peter Bergman! You can watch full episodes of‚Ä¶ https://t.co/MZEUfiJJyb,3
0.6514,Thu Jul 12 01:01:24 +0000 2018,0.0,0.718,@CBS,0.282,RT @TKOCBS: Prepare to have some major FUN. #TKO starts NOW! https://t.co/i2ftL6GCj5,4
0.5562,Wed Jul 11 21:44:45 +0000 2018,0.0,0.826,@CBS,0.174,"It‚Äôs fun, different, unique, and finally here! @TKOCBS hosted by @KevinHart4real premieres at 9/8c on CBS and‚Ä¶ https://t.co/MCeVLVK85i",5
0.5411,Wed Jul 11 19:09:34 +0000 2018,0.0,0.857,@CBS,0.143,"RT @MagnumPICBS: Talk about hands-on research! #MagnumPI's cast had the honor of joining the US Navy Submarine Force, US Pacific Fleet #Sub‚Ä¶",6
0.0,Mon Jul 09 23:55:07 +0000 2018,0.0,1.0,@CBS,0.0,Time to mark your calendars! CBS' fall 2018 premiere lineup has been announced: https://t.co/yYv3H9aEO7 https://t.co/lRxAA7suie,7
-0.3818,Mon Jul 09 18:53:34 +0000 2018,0.106,0.894,@CBS,0.0,"RT @TKOCBS: The Ball Buster, the Frisboom, the Spike Launcher, and the Slammer‚Ä¶ Get to know all of the #TKO Battle Stations: https://t.co/2‚Ä¶",8
0.3182,Mon Jul 09 18:09:00 +0000 2018,0.0,0.897,@CBS,0.103,"RT @cbsallaccess: How much does it cost to bury the truth? #OneDollar premieres August 30, exclusively on CBS All Access. https://t.co/2HdY‚Ä¶",9
0.4019,Fri Jul 06 22:22:55 +0000 2018,0.0,0.847,@CBS,0.153,"RT @SalvationCBS: Mark your calendars, #Salvies: Monday's new #SalvationCBS will air at a special time, 10/9c. https://t.co/RUh1J7cfj8",10
0.8622,Fri Jul 06 18:26:37 +0000 2018,0.0,0.61,@CBS,0.39,Happy #InternationalKissingDay! See which stars we caught locking lips on the CBS Kiss Cam. üòò https://t.co/oMPCHZlgCl,11
0.3612,Thu Jul 05 21:12:17 +0000 2018,0.0,0.898,@CBS,0.102,Have you heard? Tonight's the first Live Show of #BB20. Grab a seat and get ready to watch the action unfold on CBS‚Ä¶ https://t.co/0YgRV1HLGd,12
0.3182,Mon Jul 02 21:13:11 +0000 2018,0.0,0.892,@CBS,0.108,"How much does it cost to bury the truth? #OneDollar premieres Thursday, August 30, exclusively on CBS All Access.‚Ä¶ https://t.co/1tab8eCaFz",13
0.0,Mon Jul 02 20:47:32 +0000 2018,0.0,1.0,@CBS,0.0,Take a first look at our @Comic_Con lineup along with details of what you can expect to see:‚Ä¶ https://t.co/JqBtlKcwq3,14
0.0,Mon Jul 02 17:27:06 +0000 2018,0.0,1.0,@CBS,0.0,RT @TrueCrimeCBS: Two new true-crime series are set to premiere this July on CBS! Learn more about #Whistleblower and #PinkCollarCrimes bef‚Ä¶,15
0.5411,Mon Jul 02 17:00:02 +0000 2018,0.0,0.741,@CBS,0.259,"If at first you don‚Äôt succeed on @PriceIsRight‚Ä¶bid, bid again! https://t.co/OWBaOsFZ3i",16
0.0,Wed Jun 27 20:31:32 +0000 2018,0.0,1.0,@CBS,0.0,What‚Äôs summer without @CBSBigBrother? ‚òÄÔ∏è RT if you‚Äôre counting down the hours to the #BB20 premiere TONIGHT at 8/7c‚Ä¶ https://t.co/Xp1s4Fp5J8,17
0.7574,Wed Jun 27 14:00:01 +0000 2018,0.0,0.711,@CBS,0.289,"It looks like you...

(‚Ä¢_‚Ä¢)
( ‚Ä¢_‚Ä¢)&gt;‚åê‚ñ†-‚ñ†
(‚åê‚ñ†_‚ñ†)

Have a lot of TV to watch!

Celebrate #NationalSunglassesDay with H‚Ä¶ https://t.co/Babt4ajIgV",18
0.5574,Mon Jun 25 18:20:25 +0000 2018,0.0,0.796,@CBS,0.204,The world will finally know the truth. ‚òÑÔ∏è Make sure to tune in to the heart-pounding Season 2 premiere of‚Ä¶ https://t.co/mqMleW90DY,19
0.1867,Fri Jun 22 21:19:06 +0000 2018,0.0,0.902,@CBS,0.098,Tonight's the night! Don't miss model @ashleygraham on the season finale of Celebrity @undercover_cbs at 8/7c. https://t.co/iBxAOcOF7a,20
0.4199,Fri Jun 22 18:33:53 +0000 2018,0.0,0.811,@CBS,0.189,"Every day is #TakeYourDogToWorkDay for shows like @HawaiiFive0CBS, @MomCBS, @SEALTeamCBS, and @bigbangtheory! https://t.co/DJaOt1VQcw",21
0.4926,Thu Jun 21 23:29:50 +0000 2018,0.0,0.803,@CBS,0.197,"Lights, camera, selfie! üì∏¬†Could there be a better photo for #NationalSelfieDay? https://t.co/14Ewx64yKC",22
0.3555,Wed Jun 20 00:39:01 +0000 2018,0.122,0.68,@CBS,0.199,There‚Äôs nothing quite like watching a contestant win a brand new car on @PriceIsRight. üëè  https://t.co/aKlFikYAMM,23
0.0,Mon Jun 18 20:27:50 +0000 2018,0.0,1.0,@CBS,0.0,Time to make your predictions for #BB20! üëè Get to know the @CBSBigBrother Houseguests before the big premiere next‚Ä¶ https://t.co/jlpIchJ9sk,24
0.0,Mon Jun 18 15:00:46 +0000 2018,0.0,1.0,@CBS,0.0,RT @CBSBigBrother: Meet the cast of #BB20... before anyone else! Start streaming all their live interviews beginning at 11am EST/8am PST on‚Ä¶,25
0.9392,Sun Jun 17 13:00:01 +0000 2018,0.0,0.507,@CBS,0.493,"Today and every day we celebrate their love, guidance, and support. Happy #FathersDay to every kind of dad! https://t.co/Wffax1khBH",26
0.3595,Fri Jun 15 18:48:29 +0000 2018,0.0,0.872,@CBS,0.128,"Casting Alert! @paulwesley, @DaniaJRamirez &amp; @JamesWolk are set to star in the upcoming CBS All Access psychologica‚Ä¶ https://t.co/JnZMrzT92n",27
-0.296,Thu Jun 14 17:30:00 +0000 2018,0.167,0.833,@CBS,0.0,"In case you missed it, watch the entire #TonyAwards now: https://t.co/Bm0yNV3Ff3 https://t.co/h3YnFkmSQJ",28
0.1779,Thu Jun 14 16:19:32 +0000 2018,0.12,0.734,@CBS,0.147,RT @StrangeAngel: Mastermind or maniac? Explore the brilliant mind of Jack Parsons in #StrangeAngel. Now streaming on CBS All Access: https‚Ä¶,29
-0.5562,Tue Jun 12 00:19:23 +0000 2018,0.315,0.551,@CBS,0.134,"No pain, no gain, ALL Hart! Just one month until the premiere of @TKOCBS hosted by @KevinHart4real. https://t.co/C1yMCglxVn",30
0.5093,Mon Jun 11 22:23:06 +0000 2018,0.0,0.829,@CBS,0.171,"RT @TheNeighborhood: Welcome to #TheNeighborhood, @BethBehrs! The @2BrokeGirls star returns to @CBS in a new sitcom alongside @CedEntertain‚Ä¶",31
-0.296,Mon Jun 11 19:01:38 +0000 2018,0.167,0.833,@CBS,0.0,"In case you missed it, watch the entire #TonyAwards now: https://t.co/Bm0yNV3Ff3 https://t.co/3GA5otlcPa",32
0.0,Mon Jun 11 14:00:37 +0000 2018,0.0,1.0,@CBS,0.0,How do you know @SaraBareilles and @joshgroban's music? #TonyAwards https://t.co/POMXBORfUT,33
0.0,Mon Jun 11 06:19:36 +0000 2018,0.0,1.0,@CBS,0.0,Here are all the performances from the 2018 #TonyAwards: https://t.co/gN4ItpFlRd https://t.co/fSMNBXKC9r,34
0.4767,Mon Jun 11 06:04:41 +0000 2018,0.0,0.78,@CBS,0.22,See the complete list of winners from the 2018 #TonyAwards: https://t.co/9XK6CGeber https://t.co/HkUIN4Quej,35
0.8478,Mon Jun 11 03:10:33 +0000 2018,0.0,0.594,@CBS,0.406,An end to a magical evening. The Band's Visit wins for Best Musical! #TonyAwards https://t.co/ODza97n8YH,36
0.92,Mon Jun 11 03:02:06 +0000 2018,0.0,0.537,@CBS,0.463,Congratulations are in order for @TheKatrinaLenk! She just won for Best Leading Actress in a Musical. #TonyAwards https://t.co/t9bNvpiEmH,37
0.4404,Mon Jun 11 02:58:30 +0000 2018,0.088,0.737,@CBS,0.175,"RT @CBSThisMorning: Hmm... something seems off here @SaraBareilles @JoshGroban. üòÇ

@WaitressMusical @GreatCometBway #TonyAwards https://t.c‚Ä¶",38
0.4404,Mon Jun 11 02:56:40 +0000 2018,0.0,0.847,@CBS,0.153,RT @_stobin13: watching the #TonyAwards after going to 3 broadway shows this weekend makes it even better üòçü§©,39
0.836,Mon Jun 11 02:56:10 +0000 2018,0.0,0.533,@CBS,0.467,Tony Shalhoub wins Best Leading Actor in a Musical. #TonyAwards   #TheBandsVisit https://t.co/KcUDSicKI5,40
0.0,Mon Jun 11 02:53:00 +0000 2018,0.0,1.0,@CBS,0.0,The Boss looks right at home on the #TonyAwards stage! https://t.co/pwjv4iydkn,41
0.6369,Mon Jun 11 02:47:29 +0000 2018,0.0,0.682,@CBS,0.318,RT @Aatamianphoto: Springsteen is on the #TonyAwards and I love it.,42
0.7978,Mon Jun 11 02:44:50 +0000 2018,0.0,0.457,@CBS,0.543,Inspiration: Get to your YES! #OnceOnThisIsland #TonyAwards https://t.co/Wjp0QIWfXq,43
0.9523,Mon Jun 11 02:44:37 +0000 2018,0.0,0.484,@CBS,0.516,The feeling when you win a Tony. üôå¬†Congratulations to Once on This Island for winning Best Revival of a Musical!‚Ä¶ https://t.co/UpFCqgBTwh,44
0.5994,Mon Jun 11 02:33:09 +0000 2018,0.0,0.698,@CBS,0.302,What a beautiful performance by the cast of #TheBandsVisit. #TonyAwards https://t.co/4Hw96kZvrf,45
0.4215,Mon Jun 11 02:29:18 +0000 2018,0.0,0.877,@CBS,0.123,"""I'm a living example of how theatre can change you - and it didn't just change me, it saved me."" @JohnLeguizamo at‚Ä¶ https://t.co/4ICwMhb6hv",46
0.8932,Mon Jun 11 02:23:56 +0000 2018,0.0,0.483,@CBS,0.517,Angels in America takes the win for Best Revival of a Play! #TonyAwards https://t.co/zodW61tw8a,47
0.0,Mon Jun 11 02:21:03 +0000 2018,0.0,1.0,@CBS,0.0,"RT @leahableson: The Once On This Island Goat And Chicken made it to the broadcast, Mama WILL provide #TonyAwards",48
0.0,Mon Jun 11 02:16:06 +0000 2018,0.0,1.0,@CBS,0.0,That performance was the GOAT. #TonyAwards https://t.co/mtoU92HipQ,49
0.8908,Mon Jun 11 02:11:03 +0000 2018,0.0,0.509,@CBS,0.491,Harry Potter and the Cursed Child wins Best Play at the #TonyAwards! @HPPlayNYC https://t.co/WIqJQmtAlN,50
0.0,Mon Jun 11 02:05:47 +0000 2018,0.0,1.0,@CBS,0.0,üé∂ ‚ÄúLet's dance this last dance tonight.‚Äù üé∂ #TonyAwards #DonnaSummerMusical https://t.co/UAIaglChfv,51
0.4926,Mon Jun 11 02:03:31 +0000 2018,0.0,0.738,@CBS,0.262,Hope he brought enough birthday cake for everyone! #TonyAwards https://t.co/FlLbKV6oj8,52
0.5093,Mon Jun 11 01:58:48 +0000 2018,0.0,0.477,@CBS,0.523,@writerlindsayb You're welcome! #TonyAwards,53
0.7579,Mon Jun 11 01:53:17 +0000 2018,0.0,0.519,@CBS,0.481,RT @hjmayer8: I sure do love @DearEvanHansen üíô #TonyAwards,54
0.6467,Mon Jun 11 01:51:16 +0000 2018,0.0,0.752,@CBS,0.248,"RT @Valerie4815: What a birthday present, the Tony audience singing happy birthday to you!! #TonyAwards",55
0.0,Mon Jun 11 01:38:23 +0000 2018,0.0,1.0,@CBS,0.0,If only this performance could go on forever. #TonyAwards @FrozenBroadway https://t.co/p2BMUvyTxr,56
0.636,Mon Jun 11 01:37:36 +0000 2018,0.0,0.724,@CBS,0.276,RT @anna_villanueva: Magnificent performance from the cast of @FrozenBroadway! #TonyAwards2018 #TonyAwards #Tonys,57
0.8834,Mon Jun 11 01:30:56 +0000 2018,0.0,0.437,@CBS,0.563,Glenda Jackson wins Best Leading Actress in a Play. #TonyAwards @threetallwomen https://t.co/GRp1gcBuiW,58
0.0,Mon Jun 11 01:29:21 +0000 2018,0.0,1.0,@CBS,0.0,.@SaraBareilles is totally a Gryffindor. #TonyAwards https://t.co/OPQ7esk2dn,59
0.7351,Mon Jun 11 01:26:03 +0000 2018,0.079,0.625,@CBS,0.296,RT @IzzyNY202: How impressive are these Marjory Stoneman Douglas students? That #TonyAwards performance reduced me to tears. Amazing.,60
0.0,Mon Jun 11 01:25:59 +0000 2018,0.0,1.0,@CBS,0.0,RT @KatLargent: MAGIC #TonyAwards,61
0.0,Mon Jun 11 01:24:46 +0000 2018,0.0,1.0,@CBS,0.0,Such a touching moment at the #TonyAwards. ‚ù§Ô∏è https://t.co/4kJWTHVPZ8,62
0.4019,Mon Jun 11 01:24:12 +0000 2018,0.0,0.838,@CBS,0.162,.@Matt_Morrison welcomes the Marjory Stoneman Douglas High School theatre department to the stage. #TonyAwards https://t.co/5dxa9smeka,63
0.9151,Mon Jun 11 01:19:59 +0000 2018,0.0,0.543,@CBS,0.457,So many feels at the #TonyAwards. Congratulations to @arielstachel for winning Best Featured Actor in a Musical!‚Ä¶ https://t.co/m1aRNIHPRK,64
0.6369,Mon Jun 11 01:12:31 +0000 2018,0.0,0.625,@CBS,0.375,RT @McBenefit: I love everything about you @UzoAduba. #TonyAwards,65
0.1511,Mon Jun 11 01:08:28 +0000 2018,0.0,0.898,@CBS,0.102,RT if that musical number by the cast of Carousel blew you away! #TonyAwards https://t.co/CMzMNtcAQO,66
0.1531,Mon Jun 11 01:08:24 +0000 2018,0.0,0.852,@CBS,0.148,Nathan Lane saw his #AngelsinAmerica role as a challenge. How will you challenge yourself in 2018? #TonyAwards https://t.co/3WXd6AqgBi,67
0.8834,Mon Jun 11 01:02:47 +0000 2018,0.0,0.437,@CBS,0.563,Nathan Lane wins Best Featured Actor in a Play. #TonyAwards @angelsbway https://t.co/xc8M7JtLDE,68
0.0,Mon Jun 11 00:58:06 +0000 2018,0.0,1.0,@CBS,0.0,üåü¬†@joshgroban and @SaraBareilles are Host Goals. üåü #TonyAwards https://t.co/OGQec8cXJ6,69
0.2714,Mon Jun 11 00:52:34 +0000 2018,0.0,0.793,@CBS,0.207,RT @adub369: This is unbelievable! @SaraBareilles and @joshgroban #TonyAwards,70
0.0,Mon Jun 11 00:51:11 +0000 2018,0.0,1.0,@CBS,0.0,Who lives in a pineapple and just performed at The Tonys? üççüé∂ The cast of SpongeBob SquarePants: The Musical!‚Ä¶ https://t.co/mvFxdh9UJi,71
0.8883,Mon Jun 11 00:50:18 +0000 2018,0.0,0.433,@CBS,0.567,‚ú® @LindsayMendez wins Best Featured Actress in a Musical! #TonyAwards @carouselbway https://t.co/MtgFowscN5,72
0.9134,Mon Jun 11 00:45:14 +0000 2018,0.0,0.387,@CBS,0.613,A big congratulations to @springsteen for his Special Tony award! ‚ú®¬†#TonyAwards https://t.co/i16u8uv9aT,73
0.0,Mon Jun 11 00:44:36 +0000 2018,0.0,1.0,@CBS,0.0,Can the 73rd annual #TonyAwards just be three-hours of @TitussBurgess? https://t.co/3rCZwwTUtv,74
0.25,Mon Jun 11 00:35:41 +0000 2018,0.0,0.92,@CBS,0.08,"RT @CBSThisMorning: ""We know there are a lot of you out there who have photos of yourself in school plays or community theater."" Post your‚Ä¶",75
0.4588,Mon Jun 11 00:34:45 +0000 2018,0.0,0.85,@CBS,0.15,Keep your acceptance speeches short or else the #TonyAwards will get the angels involved. #AngelsInAmerica üëº https://t.co/oznhezRzDc,76
0.0,Mon Jun 11 00:31:28 +0000 2018,0.0,1.0,@CBS,0.0,"If you haven't started singing, you will be the rest of the night. #TonyAwards #MyFairLady https://t.co/jbGXwnru8N",77
0.3612,Mon Jun 11 00:27:42 +0000 2018,0.0,0.737,@CBS,0.263,RT @marialena_rago: I like this opener for @MyFairLadyBway #TonyAwards,78
0.8908,Mon Jun 11 00:27:00 +0000 2018,0.0,0.43,@CBS,0.57,Laurie Metcalf wins Best Featured Actress in a Play! #TonyAwards @threetallwomen https://t.co/y4teyJaRPs,79
0.0,Mon Jun 11 00:24:31 +0000 2018,0.0,1.0,@CBS,0.0,Tina Fey has a boat?? #MeanGirls #TonyAwards https://t.co/phYxmHMd3d,80
0.0,Mon Jun 11 00:22:15 +0000 2018,0.0,1.0,@CBS,0.0,Representing the hardest-working men and women in Broadway‚Ä¶¬†ensemble members from every nominated musical tonight!‚Ä¶ https://t.co/imlEEnOUla,81
0.6369,Mon Jun 11 00:22:15 +0000 2018,0.0,0.588,@CBS,0.412,RT @misschae: I love theatre so much. #TonyAwards,82
0.0,Mon Jun 11 00:18:16 +0000 2018,0.0,1.0,@CBS,0.0,On Wednesdays they wear pink and on Sundays they perform at the #TonyAwards. üíï Who thought that performance by the‚Ä¶ https://t.co/w7QDkaX6kF,83
0.6369,Mon Jun 11 00:13:27 +0000 2018,0.0,0.756,@CBS,0.244,"RT @MichaelJMoritz: ""We are all made perfectly and we all belong‚Äù - Andrew Garfield #TonyAwards",84
0.8834,Mon Jun 11 00:12:31 +0000 2018,0.0,0.437,@CBS,0.563,Andrew Garfield wins Best Leading Actor in a Play. #TonyAwards @angelsbway https://t.co/s2VQnw6IPP,85
0.6696,Mon Jun 11 00:06:39 +0000 2018,0.0,0.64,@CBS,0.36,"RT @nightingalen: Love this opening song! @joshgroban
@SaraBarreilles 
#TonyAwards",86
0.3182,Mon Jun 11 00:04:15 +0000 2018,0.0,0.85,@CBS,0.15,‚ú® @joshgroban and @SaraBareilles take the stage to begin an unforgettable evening. #TonyAwards https://t.co/y9uzlK2DzO,87
0.0,Sun Jun 10 23:59:00 +0000 2018,0.0,1.0,@CBS,0.0,Grab your popcorn... it's time for the #TonyAwards! Go and stream the entire show now: https://t.co/Wo1algQHix https://t.co/JGYTk4NPDN,88
0.4374,Sun Jun 10 23:18:15 +0000 2018,0.0,0.855,@CBS,0.145,‚ú® @thegoodfight's Christine Baranski has arrived on the #TonyAwards red carpet! Watch LIVE at 8/7c on CBS! https://t.co/XnXAnPtRrc,89
0.0,Sun Jun 10 22:01:25 +0000 2018,0.0,1.0,@CBS,0.0,"The hosts have arrived! We're LIVE with @SaraBareilles, @joshgroban and more on the #TonyAwards red carpet hosted b‚Ä¶ https://t.co/NtarbgywLe",90
0.4184,Sun Jun 10 15:00:01 +0000 2018,0.0,0.843,@CBS,0.157,Tonight's the night! Join @etnow's @DDirecto on the #TonyAwards' red carpet starting at 5PM ET! https://t.co/hZLOSiIRAT,91
0.68,Sat Jun 09 21:00:02 +0000 2018,0.0,0.763,@CBS,0.237,These two know a thing or two about awards! Watch them light up the stage tomorrow at the #TonyAwards. ‚ú® https://t.co/KHVZp65oLS,92
0.0,Sat Jun 09 16:00:00 +0000 2018,0.0,1.0,@CBS,0.0,Here's everything you need to know before watching the #TonyAwards this Sunday at 8/7c: https://t.co/jcRgNGmLUZ https://t.co/8suUhVPFK6,93
0.296,Fri Jun 08 19:46:17 +0000 2018,0.0,0.82,@CBS,0.18,Join @etnow's @DDirecto this Sunday on the #TonyAwards' red carpet. https://t.co/7jS8g10KmY,94
0.0,Fri Jun 08 15:00:03 +0000 2018,0.0,1.0,@CBS,0.0,Here's @laChanze with a reminder that you can stream the #TonyAwards this Sunday on CBS All Access! https://t.co/8TDEXzKmyQ,95
0.9078,Fri Jun 08 13:58:15 +0000 2018,0.0,0.564,@CBS,0.436,"We all get by with a little help from our friends, so what better way to celebrate #NationalBestFriendsDay than to‚Ä¶ https://t.co/pIZezbBwaT",96
0.3612,Thu Jun 07 17:03:26 +0000 2018,0.0,0.872,@CBS,0.128,"Get ready for show-stopping performances by the casts of the 2018 Tony-nominated shows Mean Girls, SpongeBob Square‚Ä¶ https://t.co/NiSx9Bbw0F",97
0.2732,Wed Jun 06 21:00:24 +0000 2018,0.105,0.719,@CBS,0.176,Don‚Äôt miss a special performance from @springsteen this Sunday at the #TonyAwards: https://t.co/LYYdleaFwU https://t.co/IKkKoITH9y,98
0.3595,Wed Jun 06 00:08:30 +0000 2018,0.0,0.872,@CBS,0.128,"RT @CBSThisMorning: .@SaraBareilles and @joshgroban are hosting this Sunday's @TheTonyAwards on @CBS! 

Wednesday, they'll join us LIVE on‚Ä¶",99
-0.4404,Tue Jun 05 22:23:35 +0000 2018,0.177,0.723,@CBS,0.1,"RT @SU2C: SU2C telecast Co-Executive Producer Bradley Cooper sits down with Mitch Carbon, a pediatric cancer survivor who benefited from #S‚Ä¶",100
0.0,Sat Jul 14 05:31:00 +0000 2018,0.0,1.0,@CNN,0.0,"A particle called a neutrino was detected on Earth, found by sensors deep in the Antarctic ice, and traced to its s‚Ä¶ https://t.co/2hYUZxCN18",1
0.4005,Sat Jul 14 05:16:04 +0000 2018,0.072,0.77,@CNN,0.159,Donald Trump says he's more popular than Abraham Lincoln. That's a hard claim to back up. https://t.co/OuPCv74UuU https://t.co/8Vq521unnS,2
-0.5574,Sat Jul 14 05:05:03 +0000 2018,0.159,0.841,@CNN,0.0,"Nancy Sinatra, the first wife of singer Frank Sinatra, died Friday at the age of 101, her daughter said https://t.co/Vrg3IJD89f",3
-0.5423,Sat Jul 14 05:01:07 +0000 2018,0.211,0.717,@CNN,0.072,A Florida man had a heart attack while laying sod in his front yard to avoid getting a fine from his homeowner's as‚Ä¶ https://t.co/kR8NfiUSis,4
0.4019,Sat Jul 14 04:46:08 +0000 2018,0.0,0.87,@CNN,0.13,A jury has awarded $4.62 billion to 22 women who sued pharmaceutical giant Johnson &amp; Johnson alleging their ovarian‚Ä¶ https://t.co/rQDYbNWZTD,5
0.1779,Sat Jul 14 04:31:00 +0000 2018,0.0,0.928,@CNN,0.072,These giant avocados are growing in Australia. Some have been known to weigh up to four pounds and are about five t‚Ä¶ https://t.co/cgXFVEx1o5,6
0.0,Sat Jul 14 04:16:05 +0000 2018,0.0,1.0,@CNN,0.0,President Trump and Katy Perry are among the Twitter users hit hardest by the follower purge https://t.co/4V3kmwmrhL https://t.co/Uak1BlooYe,7
0.0,Sat Jul 14 04:01:08 +0000 2018,0.0,1.0,@CNN,0.0,"A rare flood of desert rain has transformed a lake in Australia from an arid, salty basin to a spectacular, watery‚Ä¶ https://t.co/HCBw2jd5h8",8
0.5574,Sat Jul 14 03:44:09 +0000 2018,0.0,0.841,@CNN,0.159,"Is there such a thing as going too far for a laugh? #HistoryOfComedy is back, and pushing boundaries further than e‚Ä¶ https://t.co/TFgGf1hYqY",9
0.0,Sat Jul 14 03:37:14 +0000 2018,0.0,1.0,@CNN,0.0,"Meet Care-E, the automated airport assistant that scans a boarding pass, carries luggage and guides passengers to t‚Ä¶ https://t.co/dYT6NIBJ4p",10
0.0,Sat Jul 14 03:31:04 +0000 2018,0.0,1.0,@CNN,0.0,"Tomatoes and strawberries were disappearing for weeks from hanging baskets outside this family's house, but a secur‚Ä¶ https://t.co/uqaam0yNAA",11
0.0,Sat Jul 14 03:27:58 +0000 2018,0.0,1.0,@CNN,0.0,"Stitch Fix is tapping into the children's apparel market, launching subscription boxes with sizes 2T to 14. Founder‚Ä¶ https://t.co/ZrRGUduQ40",12
0.0,Sat Jul 14 03:16:03 +0000 2018,0.0,1.0,@CNN,0.0,Mysterious burns on teen's face caused by brush with toxic plant https://t.co/oHEvX9UAW9 https://t.co/bU0ztER1VM,13
0.5709,Sat Jul 14 03:14:15 +0000 2018,0.0,0.81,@CNN,0.19,"RT @AC360: Hi, I'm @AndersonCooper. I am really excited about our new show on Facebook Watch called Full Circle, a program created for you,‚Ä¶",14
0.0,Sat Jul 14 03:01:03 +0000 2018,0.0,1.0,@CNN,0.0,Roger Stone appears to be the unnamed individual in a new Russia probe indictment made public Friday who is describ‚Ä¶ https://t.co/zeashgdqOn,15
-0.7003,Sat Jul 14 02:51:02 +0000 2018,0.225,0.775,@CNN,0.0,The woman who was harassed by a man for wearing a Puerto Rico flag shirt wants the officer who ignored her pleas fo‚Ä¶ https://t.co/JuErNNdBTT,16
-0.5574,Sat Jul 14 02:31:56 +0000 2018,0.187,0.813,@CNN,0.0,"RT @AC360: Anderson Cooper: The ""witch hunt,"" as the President called it, has now yielded 191 charges against 32 individuals and 3 companie‚Ä¶",17
0.0,Sat Jul 14 02:28:19 +0000 2018,0.0,1.0,@CNN,0.0,How will Trump deal with Putin in Helsinki? | By Michael Bociurkiw via @CNNOpinion https://t.co/8TvNaMjvxP https://t.co/5P7J59HZtl,18
0.0,Sat Jul 14 02:27:07 +0000 2018,0.0,1.0,@CNN,0.0,6 takeaways from the indictment of Russians for DNC hacking https://t.co/YjtwLqHn5F https://t.co/nAryrG6hCZ,19
0.296,Sat Jul 14 02:24:13 +0000 2018,0.0,0.82,@CNN,0.18,Apple is helping bring education to girls in Brazil https://t.co/iFGmNlvCNu https://t.co/yNYKe0uvdN,20
0.0,Sat Jul 14 02:16:03 +0000 2018,0.0,1.0,@CNN,0.0,"Despite Russia election bombshell, the Trump-Putin show will go on | Analysis by CNN's @StCollinson‚Ä¶ https://t.co/z05mQ9M8DT",21
0.0,Sat Jul 14 02:15:12 +0000 2018,0.0,1.0,@CNN,0.0,"A Chinese spy ship is currently spying on a major US-led military exercise off the coast of Hawaii, the same exerci‚Ä¶ https://t.co/TqPlHPG1b6",22
-0.9042,Sat Jul 14 02:07:48 +0000 2018,0.397,0.603,@CNN,0.0,At least 128 people have died in a suicide attack in Pakistan that targeted the convoy of a political candidate in‚Ä¶ https://t.co/n2w7kqnweP,23
-0.4767,Sat Jul 14 02:06:03 +0000 2018,0.14,0.86,@CNN,0.0,Former Pakistani Prime Minister Nawaz Sharif and his daughter have been arrested and are being held in Islamabad af‚Ä¶ https://t.co/w980YBz06B,24
0.4118,Sat Jul 14 02:01:04 +0000 2018,0.0,0.842,@CNN,0.158,"The FDA for the first time has approved a drug to treat smallpox.

The disease was eradicated in the 1980s, but the‚Ä¶ https://t.co/80tEjE75Yi",25
-0.5994,Sat Jul 14 01:51:06 +0000 2018,0.17,0.83,@CNN,0.0,The death of a 16-year-old who was pinned and suffocated in his own minivan has prompted Cincinnati officials to im‚Ä¶ https://t.co/l0xG9BFXxP,26
0.3818,Sat Jul 14 01:41:08 +0000 2018,0.0,0.843,@CNN,0.157,The indictment of 12 Russians has stunning implications | By Harry Litman via @CNNOpinion https://t.co/6lbXQQ2RW5 https://t.co/ufwplUdzj8,27
0.0258,Sat Jul 14 01:36:05 +0000 2018,0.11,0.776,@CNN,0.114,"RT @CuomoPrimeTime: .@ChrisCuomo: ""You can't read this indictment... and not face the reality that the United States was hacked, by Russia,‚Ä¶",28
0.0258,Sat Jul 14 01:31:07 +0000 2018,0.094,0.809,@CNN,0.098,The US Food and Drug Administration is advising people to avoid eating fresh crab meat from Venezuela because of po‚Ä¶ https://t.co/3PEVpUFyFO,29
0.34,Sat Jul 14 01:21:04 +0000 2018,0.0,0.893,@CNN,0.107,Scarlett Johansson has opted to withdraw from a film in which she was set to play a transgender man after her casti‚Ä¶ https://t.co/yd5SVHkmck,30
0.2023,Sat Jul 14 01:12:02 +0000 2018,0.0,0.917,@CNN,0.083,"RT @AC360: .@JeffreyToobin: ""Today is actually a significant moment in American history. We've only had 45 presidents... now we know one of‚Ä¶",31
0.5034,Sat Jul 14 01:10:08 +0000 2018,0.0,0.847,@CNN,0.153,"Seven in 10 registered voters say they're extremely or very interested in the November elections, a record high in‚Ä¶ https://t.co/2bpEVzpV1e",32
0.5574,Sat Jul 14 01:01:03 +0000 2018,0.0,0.806,@CNN,0.194,Republicans praise ex-FBI lawyer Lisa Page's testimony one day after the heated Peter Strzok hearing‚Ä¶ https://t.co/9CWHzrApH9,33
0.0,Sat Jul 14 01:00:20 +0000 2018,0.0,1.0,@CNN,0.0,"RT @OutFrontCNN: ""It's as if your neighbor came over, robbed your house, burned it down, and then next day you go have a meal with him at t‚Ä¶",34
-0.7269,Sat Jul 14 01:00:10 +0000 2018,0.225,0.775,@CNN,0.0,"RT @AC360: Journalist @carlbernstein on Russian indictments: ""This was an act of war by the Russians. An act of cyber warfare to undermine‚Ä¶",35
0.0,Sat Jul 14 00:54:14 +0000 2018,0.0,1.0,@CNN,0.0,Former CIA Director Michael Hayden said he anticipates many more indictments -- including those of Americans -- to‚Ä¶ https://t.co/eO4QMTijWa,36
-0.5106,Sat Jul 14 00:43:39 +0000 2018,0.136,0.864,@CNN,0.0,RT @AC360: Former Hillary Clinton campaign manager @RobbyMook on the indictment of 12 Russians for the DNC hacking: ‚ÄúIt‚Äôs disturbing that t‚Ä¶,37
0.0,Sat Jul 14 00:43:14 +0000 2018,0.0,1.0,@CNN,0.0,"RT @OutFrontCNN: ""I find the release of this indictment today as very selective, and I think it's somewhat inappropriate considering that t‚Ä¶",38
-0.4404,Sat Jul 14 00:39:14 +0000 2018,0.187,0.813,@CNN,0.0,Tens of thousands of protesters gathered in London to protest President Donald Trump's visit. Here's a look at the‚Ä¶ https://t.co/OSPQapCEvh,39
0.0,Sat Jul 14 00:32:18 +0000 2018,0.0,1.0,@CNN,0.0,A 6-year-old girl whose tearful pleas to immigration officers were heard across the country in an audio recording h‚Ä¶ https://t.co/hk9AE3rhLf,40
-0.4404,Sat Jul 14 00:21:06 +0000 2018,0.146,0.854,@CNN,0.0,"In case a shark ever attacks, here are some tips to keep you from becoming a snack https://t.co/oIDBTidb3i via‚Ä¶ https://t.co/99huW4X7vx",41
0.0,Sat Jul 14 00:10:06 +0000 2018,0.0,1.0,@CNN,0.0,"More than 2,500 children could need to be reunited with their parents in the next two weeks after officials separat‚Ä¶ https://t.co/QlRys106lo",42
0.0,Sat Jul 14 00:01:07 +0000 2018,0.0,1.0,@CNN,0.0,The FDA joins 22 countries' recall of a common heart drug https://t.co/iGgF80fcqM https://t.co/ClFztyulfn,43
0.7717,Fri Jul 13 23:51:39 +0000 2018,0.0,0.691,@CNN,0.309,"This video store in Bend, Oregon, will be the last remaining Blockbuster in the United States‚Ä¶ https://t.co/JgGL330QBM",44
-0.3412,Fri Jul 13 23:43:40 +0000 2018,0.124,0.876,@CNN,0.0,It's not always easy to go green. Starbucks and Nestl√© customers embraced the brands' moves to environmentally-frie‚Ä¶ https://t.co/zBjm5S5tSp,45
0.7003,Fri Jul 13 23:41:10 +0000 2018,0.0,0.691,@CNN,0.309,The FDA has announced its approval of the first drug to treat smallpox https://t.co/0GdIkDApqe https://t.co/fXSs1FtDX7,46
-0.4019,Fri Jul 13 23:31:09 +0000 2018,0.172,0.828,@CNN,0.0,How do you rebrand Papa John's when the problem is Papa John? https://t.co/NShv8HsGrK https://t.co/6uTR0rbHJW,47
0.4466,Fri Jul 13 23:31:00 +0000 2018,0.0,0.866,@CNN,0.134,"‚ÄúWhatever you do is OK with me,‚Äù President Trump said in a joint news conference with British Prime Minister Theres‚Ä¶ https://t.co/xIfVwmwvo5",48
-0.5574,Fri Jul 13 23:21:03 +0000 2018,0.175,0.825,@CNN,0.0,The world's largest water slide will be demolished after a boy died on the ride in 2016 https://t.co/39LiOgOFqu https://t.co/MGFaFzcjLz,49
-0.7964,Fri Jul 13 23:11:58 +0000 2018,0.253,0.747,@CNN,0.0,"Hawaii just became the first state in the US to ban the sale of sunscreens that can harm coral reefs. Banana Boat,‚Ä¶ https://t.co/DpR3IJ32Ef",50
0.0,Fri Jul 13 23:01:03 +0000 2018,0.0,1.0,@CNN,0.0,Trump asked Russians to get Clinton emails. They immediately started trying. | Analysis by CNN's Z. Byron Wolf https://t.co/JZx6oBlFJG,51
0.4466,Fri Jul 13 22:58:01 +0000 2018,0.0,0.882,@CNN,0.118,"RT @CNNMoney: ‚ÄúWhatever you do is OK with me,‚Äù President Trump said in a joint news conference with British Prime Minister Theresa May, aft‚Ä¶",52
-0.3612,Fri Jul 13 22:51:06 +0000 2018,0.122,0.878,@CNN,0.0,Democratic Rep. Steve Cohen says he regrets his remark that embattled FBI agent Peter Strzok deserves a Purple Hear‚Ä¶ https://t.co/dzMh6pdXM3,53
-0.296,Fri Jul 13 22:41:04 +0000 2018,0.099,0.901,@CNN,0.0,WeWork is going meat-free. Staffers were told that the company will no longer serve meat at employee events or reim‚Ä¶ https://t.co/JkGZHGiIv7,54
-0.5994,Fri Jul 13 22:31:05 +0000 2018,0.196,0.804,@CNN,0.0,Eight endangered black rhinos die in Kenya national park just weeks after the animals were moved‚Ä¶ https://t.co/yw5IoX7vNF,55
0.4215,Fri Jul 13 22:23:55 +0000 2018,0.0,0.887,@CNN,0.113,"RT @CNNSitRoom: ""It's time for the President of the United States to stand up for America,"" Rep. Garamendi says after 12 Russian intelligen‚Ä¶",56
0.0,Fri Jul 13 22:21:08 +0000 2018,0.0,1.0,@CNN,0.0,"A Chinese spy ship is currently spying on a major US-led military exercise off the coast of Hawaii, the same exerci‚Ä¶ https://t.co/pwsRFS0nkS",57
-0.3291,Fri Jul 13 22:11:05 +0000 2018,0.174,0.728,@CNN,0.098,"The Fed is ready to keep raising rates, but faces a list of uncertainties https://t.co/5fHWdVMAyf https://t.co/xn8m41XTxl",58
0.7219,Fri Jul 13 22:02:12 +0000 2018,0.0,0.707,@CNN,0.293,"RT @CNNSitRoom: Senator Lankford says President Trump shouldn't cancel the summit with Putin, adding, ‚ÄúI would certainly hope the President‚Ä¶",59
0.0,Fri Jul 13 22:01:00 +0000 2018,0.0,1.0,@CNN,0.0,"For the first time, scientists have been able to trace the origins of a ghostly subatomic particle that traveled 3.‚Ä¶ https://t.co/M3S0FZgLxQ",60
0.1779,Fri Jul 13 21:51:00 +0000 2018,0.0,0.928,@CNN,0.072,These giant avocados are growing in Australia. Some have been known to weigh up to four pounds and are about five t‚Ä¶ https://t.co/272OM56akG,61
0.34,Fri Jul 13 21:41:39 +0000 2018,0.0,0.876,@CNN,0.124,"""The American President has taken his gaslighter-in-chief world tour to Europe and is giving British Prime Minister‚Ä¶ https://t.co/6LKXg37a4K",62
0.2975,Fri Jul 13 21:37:11 +0000 2018,0.0,0.896,@CNN,0.104,"RT @TheLeadCNN: Fmr. acting Solicitor General Neal Katyal says the upcoming Trump-Putin summit is 'frightening': ""This is kinda like Lebron‚Ä¶",63
-0.296,Fri Jul 13 21:32:32 +0000 2018,0.115,0.885,@CNN,0.0,Intel gathered by US officials captured some of the Russians accused in today‚Äôs indictments congratulating each oth‚Ä¶ https://t.co/jt3oZvtdxn,64
0.0,Fri Jul 13 21:31:05 +0000 2018,0.0,1.0,@CNN,0.0,The Trump administration outlined for a federal judge how it plans to implement a pair of court orders central to t‚Ä¶ https://t.co/nQsY9LPyjf,65
-0.4767,Fri Jul 13 21:27:52 +0000 2018,0.134,0.866,@CNN,0.0,"RT @TheLeadCNN: Even after learning about the indictments of 12 Russian intel officers for a cyber attack against the US, President Trump,‚Ä¶",66
0.7351,Fri Jul 13 21:21:00 +0000 2018,0.0,0.744,@CNN,0.256,A rescue organization in the Turks and Caicos Islands finds good homes for stray potcake puppies -- and allows tour‚Ä¶ https://t.co/j9s13nH0Hi,67
-0.1695,Fri Jul 13 21:11:08 +0000 2018,0.081,0.919,@CNN,0.0,"Sen. John McCain: ""If President Trump is not prepared to hold Putin accountable, the summit in Helsinki should not‚Ä¶ https://t.co/g6uzCjUzZD",68
0.7717,Fri Jul 13 21:01:00 +0000 2018,0.0,0.642,@CNN,0.358,There is now only one Blockbuster store left in the United States https://t.co/ufVOf4pock https://t.co/b9SsSAHKdI,69
0.0,Fri Jul 13 20:51:00 +0000 2018,0.0,1.0,@CNN,0.0,Anderson Cooper Full Circle ‚Äî  CNN's brand new daily interactive global brief featuring interviews with the day's b‚Ä¶ https://t.co/99OdnouUoM,70
-0.1695,Fri Jul 13 20:47:33 +0000 2018,0.068,0.932,@CNN,0.0,"RT @TheLeadCNN: I would not be surprised if this were the last indictment we see ""that doesn't mention an American,"" former NSA and CIA Dir‚Ä¶",71
0.0,Fri Jul 13 20:41:38 +0000 2018,0.0,1.0,@CNN,0.0,"One of Hollywood's most dependable franchises has a new film opening this weekend. That franchise? Dwayne ""The Rock‚Ä¶ https://t.co/4ccAmTVlxy",72
0.0,Fri Jul 13 20:37:23 +0000 2018,0.0,1.0,@CNN,0.0,"RT @TheLeadCNN: The White House says the summit with Russian President Putin is not being canceled, despite 12 Russians being indicted toda‚Ä¶",73
0.2023,Fri Jul 13 20:37:11 +0000 2018,0.0,0.899,@CNN,0.101,House Minority Leader Nancy Pelosi recommended that the Democratic caucus hold its leadership elections after Thank‚Ä¶ https://t.co/LZoBGy0EiZ,74
0.0,Fri Jul 13 20:33:25 +0000 2018,0.0,1.0,@CNN,0.0,RT @AC360: Anderson Cooper Full Circle ‚Äî  our brand new daily interactive global brief featuring interviews with the day's biggest newsmake‚Ä¶,75
0.0,Fri Jul 13 20:31:22 +0000 2018,0.0,1.0,@CNN,0.0,"During an event hosted by The Economic Club in Washington, House Speaker Paul Ryan said his Chevy Suburban was gnaw‚Ä¶ https://t.co/0fgVho3m9q",76
-0.7906,Fri Jul 13 20:21:04 +0000 2018,0.333,0.667,@CNN,0.0,The driver killed in a head-on collision involving South Carolina congressional candidate Katie Arrington had a blo‚Ä¶ https://t.co/B7pjxXt8Yg,77
0.5267,Fri Jul 13 20:11:05 +0000 2018,0.0,0.805,@CNN,0.195,The Justice Department drove a stake through the heart of Comcast's bid for Fox https://t.co/yvRGo0wxrq https://t.co/yx4ijtegcI,78
0.4005,Fri Jul 13 20:01:08 +0000 2018,0.072,0.77,@CNN,0.159,Donald Trump says he's more popular than Abraham Lincoln. That's a hard claim to back up. https://t.co/ol5U1It8zh https://t.co/GVyQ2TFrAf,79
-0.4019,Fri Jul 13 19:55:08 +0000 2018,0.124,0.876,@CNN,0.0,"A shocking video which shows the execution of two women, a young girl and a baby has gone viral. Rights group Amnes‚Ä¶ https://t.co/3j9zHNtGVB",80
-0.2023,Fri Jul 13 19:51:04 +0000 2018,0.079,0.921,@CNN,0.0,Uber says it is rolling out technology that allows it to know in real time when a driver is charged with a crime‚Ä¶ https://t.co/kiDJ2iRB6r,81
0.4215,Fri Jul 13 19:49:13 +0000 2018,0.0,0.872,@CNN,0.128,"RT @TheLeadCNN: ""The President of the United States, through his spokesperson, issues a statement that says absolutely nothing about the co‚Ä¶",82
0.0,Fri Jul 13 19:46:06 +0000 2018,0.0,1.0,@CNN,0.0,"President Trump reportedly wants the next Air Force One to be turned out in red, white and blue. Cartoonist Liza Do‚Ä¶ https://t.co/6ttW0MFI9V",83
0.0516,Fri Jul 13 19:41:02 +0000 2018,0.142,0.669,@CNN,0.189,"The United States has officially lifted its crippling export ban on Chinese company ZTE, easing one point of conten‚Ä¶ https://t.co/86gQZTCcV5",84
-0.25,Fri Jul 13 19:36:03 +0000 2018,0.125,0.875,@CNN,0.0,Sen. Chuck Schumer calls on Trump to cancel Putin meeting following Russian indictments https://t.co/ec7LulIfiO https://t.co/uC9RCmeYB5,85
0.5574,Fri Jul 13 19:31:04 +0000 2018,0.0,0.816,@CNN,0.184,Senate Majority Leader Mitch McConnell predicts that Supreme Court nominee Judge Brett Kavanaugh will be confirmed‚Ä¶ https://t.co/dj8bB9gHwy,86
0.6065,Fri Jul 13 19:25:48 +0000 2018,0.0,0.816,@CNN,0.184,"RT @CNNnewsroom: ""I didn't expect [the article] to blow up perhaps quite the way it did, and I certainly didn't expect the fake news allega‚Ä¶",87
0.0,Fri Jul 13 19:21:02 +0000 2018,0.0,1.0,@CNN,0.0,"""Queer Eye"" has been renewed for a third season https://t.co/nv3kegRdKM https://t.co/ee3mzGBwmL",88
0.0,Fri Jul 13 19:11:06 +0000 2018,0.0,1.0,@CNN,0.0,"Situated in a lavish corner of France, AS Monaco's famed football academy has produced some of the game's biggest s‚Ä¶ https://t.co/mUAXIXGMcr",89
-0.3818,Fri Jul 13 19:10:01 +0000 2018,0.126,0.874,@CNN,0.0,Kevin Anderson outslugged John Isner in a record match lasting over six hours in #Wimbledon's battle of the giants‚Ä¶ https://t.co/zwhUHlU25H,90
0.8402,Fri Jul 13 19:01:02 +0000 2018,0.0,0.654,@CNN,0.346,The mother of a Waffle House shooting survivor helped the waitress who saved her son get the perfect wedding dress‚Ä¶ https://t.co/PyUnqh8gzU,91
0.0,Fri Jul 13 18:51:09 +0000 2018,0.0,1.0,@CNN,0.0,President Trump and Katy Perry are among the Twitter users hit hardest by the follower purge https://t.co/y7sBfDOvRQ https://t.co/lfaH1ISOkD,92
0.0,Fri Jul 13 18:40:14 +0000 2018,0.0,1.0,@CNN,0.0,A Texas school district is holding an auction to get rid of Confederate-themed memorabilia left over after the rena‚Ä¶ https://t.co/EZCDArTM0S,93
0.0,Fri Jul 13 18:30:14 +0000 2018,0.0,1.0,@CNN,0.0,"Fans have been begging for it, and now it's really happening. A ""Downton Abbey"" movie is set for production.‚Ä¶ https://t.co/Vuq03s7T5V",94
-0.5267,Fri Jul 13 18:20:12 +0000 2018,0.159,0.841,@CNN,0.0,"Nearly all of Tom Price's travel when he was secretary of Health and Human Services violated federal requirements,‚Ä¶ https://t.co/MTHYdZNFiB",95
0.0,Fri Jul 13 18:10:03 +0000 2018,0.0,1.0,@CNN,0.0,"More than 500 people have reported symptoms including stomachache, nausea and vomiting after visiting a zipline tou‚Ä¶ https://t.co/CC1T7wmP9D",96
-0.3875,Fri Jul 13 18:05:04 +0000 2018,0.134,0.866,@CNN,0.0,"Republican Senator Ben Sasse: ""All patriotic Americans should understand that Putin is not America's friend, and he‚Ä¶ https://t.co/scLTsDzA24",97
0.0,Fri Jul 13 18:00:08 +0000 2018,0.0,1.0,@CNN,0.0,"Stitch Fix is tapping into the children's apparel market, launching subscription boxes with sizes 2T to 14. Founder‚Ä¶ https://t.co/SHaBh5PeDp",98
0.2263,Fri Jul 13 17:59:16 +0000 2018,0.091,0.782,@CNN,0.128,"RT @CNNPolitics: ‚ÄúThere should be no one-on-one meeting between this President and Mr. Putin,‚Äù Vice Chair of the Senate Intelligence Commit‚Ä¶",99
-0.886,Fri Jul 13 17:55:07 +0000 2018,0.354,0.646,@CNN,0.0,A bottle found in the home of a poisoning victim has been identified as the source of the nerve agent that killed h‚Ä¶ https://t.co/HCy77CdTAV,100
-0.5859,Sat Jul 14 05:30:00 +0000 2018,0.352,0.648,@FoxNews,0.0,UK police confirm source of Novichok poisoning https://t.co/JCXQj6CzII,1
0.0,Sat Jul 14 05:15:00 +0000 2018,0.0,1.0,@FoxNews,0.0,"Sen. @LindseyGrahamSC: ""Russia did interfere in our election, and if I were the president, I would not ask Putin di‚Ä¶ https://t.co/3rApgOhFez",2
0.0,Sat Jul 14 05:00:00 +0000 2018,0.0,1.0,@FoxNews,0.0,Texas fishermen pull 8-foot alligator gar from river: 'She's a beast' https://t.co/UpYe8MxNZf,3
0.3818,Sat Jul 14 04:45:00 +0000 2018,0.0,0.874,@FoxNews,0.126,".@FLOTUS helps children to make poppies as she meets British military veterans known as ""Chelsea Pensioners"" at the‚Ä¶ https://t.co/rn4wJPbrMH",4
0.1877,Sat Jul 14 04:28:00 +0000 2018,0.0,0.863,@FoxNews,0.137,.@SpeakerRyan says woodchucks 'ate' his SUV -- and he's not alone https://t.co/bueGmwg3of,5
0.2023,Sat Jul 14 04:15:00 +0000 2018,0.095,0.759,@FoxNews,0.146,Chinese spy ship lurking off Hawaiian coast amid huge naval exercise: US officials https://t.co/JHUpiIaNvE,6
0.4767,Sat Jul 14 04:00:00 +0000 2018,0.0,0.763,@FoxNews,0.237,"What's the GRU, Russia's military intelligence agency? 3 things to know https://t.co/2ocaQqcdl3",7
0.4939,Sat Jul 14 03:45:00 +0000 2018,0.0,0.873,@FoxNews,0.127,"Leon Aron on Trump, Putin meeting: ""I think what @POTUS wants to show most of all, is that he can succeed where‚Ä¶ https://t.co/rym24Wcq3n",8
0.296,Sat Jul 14 03:30:00 +0000 2018,0.0,0.784,@FoxNews,0.216,.@NASA shares creepy image of 'spiders' on Mars https://t.co/0FtnyoZ5A9,9
-0.2244,Sat Jul 14 03:20:00 +0000 2018,0.083,0.917,@FoxNews,0.0,Don‚Äôt miss ‚ÄúFox Report with Jon Scott‚Äù Saturdays at 7p ET and Sundays at 6p ET on Fox News Channel! @JonScottFNC https://t.co/azFkrUyVaU,10
0.0,Sat Jul 14 03:15:00 +0000 2018,0.0,1.0,@FoxNews,0.0,".@shelbyholliday on 12 Russian officers indicted in Mueller probe: ""It not only makes the Mueller probe more credib‚Ä¶ https://t.co/qQYi7826r9",11
-0.2732,Sat Jul 14 03:00:00 +0000 2018,0.116,0.884,@FoxNews,0.0,.@KimStrassel: Trump could deliver a second tax cut -- without having to deal with Congress. Here's how https://t.co/03An32A8BS,12
-0.6369,Sat Jul 14 02:54:00 +0000 2018,0.302,0.698,@FoxNews,0.0,Florida man warns about saltwater poisoning after dog dies days after beach trip https://t.co/tUf365EKZK,13
0.0772,Sat Jul 14 02:49:00 +0000 2018,0.14,0.701,@FoxNews,0.159,Arizona lawmaker apologizes after bragging about speeding to cop during traffic stop https://t.co/W8TP9o8ioD,14
-0.2732,Sat Jul 14 02:42:56 +0000 2018,0.13,0.87,@FoxNews,0.0,"Villanova ministry director facing child porn charges called naked toddler girls 'hot,' police say https://t.co/UccaIrvyvM",15
0.5574,Sat Jul 14 02:38:49 +0000 2018,0.0,0.662,@FoxNews,0.338,Texas woman reels in 7-foot shark: 'Thank God for CrossFit' https://t.co/Afch0gyJZS,16
0.296,Sat Jul 14 02:33:08 +0000 2018,0.0,0.879,@FoxNews,0.121,'Fixer Upper' star Chip Gaines shares close-up photo of 3-week-old son Crew: 'My heart is full' https://t.co/IsaoZGRVnr,17
0.0,Sat Jul 14 02:15:00 +0000 2018,0.0,1.0,@FoxNews,0.0,".@seanhannity: ""Why announce these indictments today, on the eve of this meeting between the president and Vladimir‚Ä¶ https://t.co/IAPHuCc8iE",18
-0.8126,Sat Jul 14 02:09:46 +0000 2018,0.433,0.567,@FoxNews,0.0,"ICE agents arrest 18 human smugglers, 117 illegal immigrants in Texas, New Mexico https://t.co/q7O7q5H2pm",19
-0.3182,Sat Jul 14 02:09:26 +0000 2018,0.196,0.718,@FoxNews,0.086,".@seanhannity: ""No Americans, Rod Rosenstein said, are suspected now of playing any role in these election crimes.""‚Ä¶ https://t.co/emqjqUsCsD",20
-0.7579,Sat Jul 14 01:56:00 +0000 2018,0.448,0.552,@FoxNews,0.0,Man charged in cold-case murder of elderly California woman. https://t.co/puFmgcOY5p,21
-0.8555,Sat Jul 14 01:50:17 +0000 2018,0.412,0.588,@FoxNews,0.0,"7 endangered black rhinos found dead in Kenya, officials say it's 'a complete disaster' https://t.co/d3So5XcviC",22
0.6908,Sat Jul 14 01:41:10 +0000 2018,0.0,0.637,@FoxNews,0.363,Federal judge commends Trump administration for 'good faith' in family reunifications. https://t.co/Cs8e9JZ3k6,23
-0.5106,Sat Jul 14 01:27:53 +0000 2018,0.191,0.809,@FoxNews,0.0,Woman gets 40 years in prison for trying to sell 2-year-old daughter for sex. https://t.co/waJhLdBHF6,24
-0.3182,Sat Jul 14 01:20:00 +0000 2018,0.103,0.897,@FoxNews,0.0,"""Ghost dunes"" found on Mars could hold proof of ancient life on the red planet, according to newly published resear‚Ä¶ https://t.co/1iqZsAGo5q",25
0.0,Sat Jul 14 01:18:44 +0000 2018,0.0,1.0,@FoxNews,0.0,"Infant dies day after showing symptoms of meningitis, family says https://t.co/VKbge3GA8x",26
0.0,Sat Jul 14 01:13:41 +0000 2018,0.0,1.0,@FoxNews,0.0,The Daily Spike: Albie and the Harrell family on why they chose to train a service dog https://t.co/8sxyDx87Cl,27
-0.5423,Sat Jul 14 01:10:00 +0000 2018,0.273,0.727,@FoxNews,0.0,OPINION: Republicans walked right into Peter Strzok's trap -- Here's what they missed. https://t.co/PTLpUenTYn,28
0.0,Sat Jul 14 01:07:14 +0000 2018,0.0,1.0,@FoxNews,0.0,Texas fishermen pull 8-foot alligator gar from river: 'She's a beast' https://t.co/ku7k07nvyi,29
0.0,Sat Jul 14 00:56:40 +0000 2018,0.0,1.0,@FoxNews,0.0,"MLB suspends Papa John's promotion until after All-Star break, pizza company says https://t.co/4V5EwXbNWC",30
-0.4019,Sat Jul 14 00:50:00 +0000 2018,0.197,0.803,@FoxNews,0.0,"OPINION: Indictment arguments aside, Trump is right to meet with Putin https://t.co/gI9NigGo0i",31
-0.7003,Sat Jul 14 00:42:02 +0000 2018,0.493,0.507,@FoxNews,0.0,Florida beaches closed after shark attacks leave 2 injured: report https://t.co/x1ocKP9FZY,32
0.0,Sat Jul 14 00:33:00 +0000 2018,0.0,1.0,@FoxNews,0.0,"The crew of the Coast Guard Cutter Kukui arrives in Sitka, Alaska after circumnavigating North America for a year.‚Ä¶ https://t.co/bck1GhBVjR",33
0.0,Sat Jul 14 00:31:28 +0000 2018,0.0,1.0,@FoxNews,0.0,"Billy Bush's wife, Sydney Davis, files for divorce after nearly 20 years of marriage: report https://t.co/HGlH3vwHt3",34
0.5267,Sat Jul 14 00:27:47 +0000 2018,0.0,0.825,@FoxNews,0.175,'A Step in the Right Direction': @GiannoCaldwell Praises Trump DOJ After 1955 Emmett Till Case Reopened https://t.co/LPzMLzaemb,35
0.0,Sat Jul 14 00:19:36 +0000 2018,0.0,1.0,@FoxNews,0.0,Graham: Trump Must 'Reject' Any Putin Denials of Election Meddling https://t.co/USc9GNYEEa,36
0.5994,Sat Jul 14 00:15:23 +0000 2018,0.0,0.755,@FoxNews,0.245,"Blockbuster video stores closing in Alaska, leaving chain with 1 location in US https://t.co/m3AdMnEWhN",37
0.0,Sat Jul 14 00:13:09 +0000 2018,0.0,1.0,@FoxNews,0.0,.@SenJohnMcCain says Helsinki summit 'should not move forward' unless Trump takes firm stand against Russian meddli‚Ä¶ https://t.co/e4zPezMUf3,38
0.7717,Fri Jul 13 23:57:50 +0000 2018,0.0,0.676,@FoxNews,0.324,".@newtgingrich: GOP could win big in November thanks to Democrats‚Äô radical, unrealistic immigration stance. (via‚Ä¶ https://t.co/ikYdQgmvIy",39
-0.3089,Fri Jul 13 23:51:50 +0000 2018,0.158,0.842,@FoxNews,0.0,".@AlanDersh: ""This indictment proves that we never needed a special counsel."" #TheStory https://t.co/NWKE7CHBOm https://t.co/lhJSkUAGZT",40
0.2263,Fri Jul 13 23:47:23 +0000 2018,0.0,0.894,@FoxNews,0.106,".@AlanDersh: ""Every civil libertarian should be concerned about even if there's a possibility that an informant was‚Ä¶ https://t.co/48Lzaqjc5S",41
0.1877,Fri Jul 13 23:38:46 +0000 2018,0.0,0.863,@FoxNews,0.137,.@SpeakerRyan says woodchucks 'ate' his SUV -- and he's not alone. https://t.co/bueGmwg3of,42
-0.7132,Fri Jul 13 23:25:53 +0000 2018,0.351,0.649,@FoxNews,0.0,"Sen. @LindseyGrahamSC: ""Nothing would please Russia more than chaos in America."" #TheStory https://t.co/0ZDI3jYOJo",43
0.1779,Fri Jul 13 23:24:25 +0000 2018,0.096,0.776,@FoxNews,0.128,"Sen. @LindseyGrahamSC: ""I have a lot of faith in President Trump. Bush misread Putin. Putin ran over Obama because‚Ä¶ https://t.co/8nfb5Yii51",44
0.0,Fri Jul 13 23:22:00 +0000 2018,0.0,1.0,@FoxNews,0.0,"Sen. @LindseyGrahamSC: ""Russia did interfere in our election, and if I were the president, I would not ask Putin di‚Ä¶ https://t.co/HWt2DqxNZh",45
0.6983,Fri Jul 13 23:08:52 +0000 2018,0.0,0.767,@FoxNews,0.233,"Sen. @LindseyGrahamSC: ""I really feel good about how NATO ended. We're going to meet Putin now with NATO stronger t‚Ä¶ https://t.co/LdTFTbWNxJ",46
0.0,Fri Jul 13 23:05:01 +0000 2018,0.0,1.0,@FoxNews,0.0,Ex-New York Chief Judge: It's time to end cash bail https://t.co/VTbaLGNY5p,47
0.0,Fri Jul 13 23:01:03 +0000 2018,0.0,1.0,@FoxNews,0.0,".@continetti: ""The entire week has kind of been a display of what America first foreign policy looks like.""‚Ä¶ https://t.co/lxVdIXadaf",48
0.0,Fri Jul 13 22:47:52 +0000 2018,0.0,1.0,@FoxNews,0.0,"Karen Tumulty: ""With these indictments, the Mueller investigation goes actually right to the heart of Vladimir Puti‚Ä¶ https://t.co/CqZB4LjzOw",49
-0.8748,Fri Jul 13 22:39:18 +0000 2018,0.443,0.458,@FoxNews,0.099,"5-year-old boy helps write his own obituary before tragic cancer death: 'See ya later, suckas!' https://t.co/5S6IaiIP59",50
-0.2732,Fri Jul 13 22:32:50 +0000 2018,0.23,0.606,@FoxNews,0.164,"Five years after Syrian archbishops' abduction, Christians need help finding answers https://t.co/25Qx89OAs7",51
0.0,Fri Jul 13 22:26:40 +0000 2018,0.0,1.0,@FoxNews,0.0,Friday the 13th eclipse visible in Antarctica https://t.co/5bXCYj3z06,52
-0.2263,Fri Jul 13 22:17:06 +0000 2018,0.147,0.853,@FoxNews,0.0,Thousands march against Trump in rowdy London protests; @BenjaminHallFNC reports. #SpecialReport‚Ä¶ https://t.co/rH6Ey3UIM9,53
0.0,Fri Jul 13 22:14:21 +0000 2018,0.0,1.0,@FoxNews,0.0,"Russian officers indicted for allegedly hacking Clinton campaign, DNC emails. #SpecialReport https://t.co/NWKE7CHBOm https://t.co/zqFaH0wQxu",54
0.0,Fri Jul 13 22:07:08 +0000 2018,0.0,1.0,@FoxNews,0.0,Fox News Poll: #AbolishICE not trending among voters https://t.co/ZaJnxFs2cd,55
-0.5859,Fri Jul 13 22:00:35 +0000 2018,0.352,0.648,@FoxNews,0.0,UK police confirm source of Novichok poisoning. https://t.co/Wt8ofmQ55R,56
0.0,Fri Jul 13 21:47:00 +0000 2018,0.0,1.0,@FoxNews,0.0,"Scarlett Johansson drops transgender role after backlash, report says. https://t.co/HZ9YcQTiwy",57
0.4767,Fri Jul 13 21:40:00 +0000 2018,0.0,0.763,@FoxNews,0.237,"What's the GRU, Russia's military intelligence agency? 3 things to know. https://t.co/2ocaQpUBWt",58
-0.34,Fri Jul 13 21:31:34 +0000 2018,0.138,0.862,@FoxNews,0.0,"Woman disappears after she recorded herself throwing ink on poster of Chinese president, report says https://t.co/PM4s1eeGIY",59
0.0,Fri Jul 13 21:19:51 +0000 2018,0.0,1.0,@FoxNews,0.0,Texas sheriff's deputy with 'heart of gold' to donate kidney to a man in need. https://t.co/6scZyvWnHY,60
0.0,Fri Jul 13 21:11:39 +0000 2018,0.0,1.0,@FoxNews,0.0,".@JesseBWatters: ""At the end of the day, [@POTUS'] trip to Europe was positive."" #TheFive https://t.co/D2qoT9ajsY",61
0.2023,Fri Jul 13 21:08:22 +0000 2018,0.089,0.774,@FoxNews,0.137,"Chinese spy ship lurking off Hawaiian coast amid huge naval exercise, US officials says. https://t.co/JHUpiIsoUe",62
0.7269,Fri Jul 13 20:57:14 +0000 2018,0.0,0.681,@FoxNews,0.319,Custom Ford Mustang honoring America's WW II Eagle Squadrons to be auctioned for charity https://t.co/EdiicLYiKa,63
0.0,Fri Jul 13 20:47:22 +0000 2018,0.0,1.0,@FoxNews,0.0,"What is bacterial meningitis? Signs, symptoms and treatment for the infection. https://t.co/WgtjxsXeDD",64
0.0772,Fri Jul 13 20:33:43 +0000 2018,0.0,0.902,@FoxNews,0.098,RT @FoxBusiness: Dow clears 25K as the Nasdaq sits at a record high  https://t.co/d6ajEPlbYT,65
0.7269,Fri Jul 13 20:22:31 +0000 2018,0.0,0.681,@FoxNews,0.319,Custom Ford Mustang honoring America's WW II Eagle Squadrons to be auctioned for charity https://t.co/RJfWvmr8Di,66
0.0,Fri Jul 13 20:13:53 +0000 2018,0.0,1.0,@FoxNews,0.0,"RT @FoxBusiness: AT THE CLOSE: The Dow Jones Industrial Average closes above 25,000 for the first time since June 15. The Nasdaq closes at‚Ä¶",67
-0.4215,Fri Jul 13 19:55:17 +0000 2018,0.189,0.811,@FoxNews,0.0,Harvey Weinstein denies admitting he offered 'acting jobs in exchange for sex' https://t.co/kZ9oPpoyKF,68
0.0,Fri Jul 13 19:52:11 +0000 2018,0.0,1.0,@FoxNews,0.0,RT @FoxBusiness: Instagram users hit with temporary outage  https://t.co/szMOTJ3hxr,69
0.0,Fri Jul 13 19:42:59 +0000 2018,0.0,1.0,@FoxNews,0.0,WATCH: @POTUS arrives in Scotland with @FLOTUS. @ShepNewsTeam https://t.co/BynGFZhToI,70
0.128,Fri Jul 13 19:41:56 +0000 2018,0.0,0.914,@FoxNews,0.086,MONDAY: Chris Wallace will conduct an exclusive interview with Russian President Vladimir Putin following the summi‚Ä¶ https://t.co/IuFOWNXzpF,71
0.25,Fri Jul 13 19:35:45 +0000 2018,0.135,0.677,@FoxNews,0.188,NY Gov. Andrew Cuomo Threatens to Sue If Supreme Court Overturns Roe v. Wade. https://t.co/Ogt3YV4w2y,72
0.0,Fri Jul 13 19:27:55 +0000 2018,0.0,1.0,@FoxNews,0.0,.@POTUS arrives in Scotland. https://t.co/ds7WFn57xn,73
-0.7845,Fri Jul 13 19:27:29 +0000 2018,0.277,0.723,@FoxNews,0.0,"Pentagon officials say Sgt. 1st Class Christopher A. Celiz, 32, of South Carolina was killed during combat in Afgha‚Ä¶ https://t.co/2F4QeTv6PT",74
-0.8519,Fri Jul 13 19:27:07 +0000 2018,0.509,0.491,@FoxNews,0.0,"In London, pro-Trump counter-protesters hit with abuse, some violence. https://t.co/HIlyBjxSOB",75
0.0,Fri Jul 13 19:20:01 +0000 2018,0.0,1.0,@FoxNews,0.0,"12 Russian Intel officials indicted for allegedly hacking Clinton campaign, DNC emails: What to know. https://t.co/15GGOEAKxM",76
0.0,Fri Jul 13 19:15:09 +0000 2018,0.0,1.0,@FoxNews,0.0,"Louisiana inmate caught having sex with woman, 19, in courthouse stairwell, police say. https://t.co/Si9U9Cjo4Q",77
-0.2732,Fri Jul 13 19:06:11 +0000 2018,0.149,0.851,@FoxNews,0.0,"Officials say vaping co-pilot caused Air China flight to drop 21,000 feet. https://t.co/hJLeTKw2Al",78
0.0,Fri Jul 13 18:54:17 +0000 2018,0.0,1.0,@FoxNews,0.0,Atlanta airport reveals it spent nearly $4M on dog bathrooms https://t.co/YeNyUzJwXj,79
-0.25,Fri Jul 13 18:49:54 +0000 2018,0.133,0.867,@FoxNews,0.0,"Democrats urge Trump to cancel Putin summit, after indictment of Russian intel officers https://t.co/50aMJVBjI6",80
0.4939,Fri Jul 13 18:46:58 +0000 2018,0.0,0.873,@FoxNews,0.127,"Leon Aron on Trump, Putin meeting: ""I think what @POTUS wants to show most of all, is that he can succeed where‚Ä¶ https://t.co/rr2bALkxZw",81
0.4767,Fri Jul 13 18:43:46 +0000 2018,0.0,0.871,@FoxNews,0.129,"Leon Aron: ""The key to [Putin keeping] popularity and legitimacy is to say, 'we are equal to America, we could stan‚Ä¶ https://t.co/5jtBFGbvpa",82
0.0,Fri Jul 13 18:38:55 +0000 2018,0.0,1.0,@FoxNews,0.0,"Leon Aron on @POTUS, Putin meeting: ""Every time a Russian or Soviet leader meets one-on-one with an American presid‚Ä¶ https://t.co/pjYNSMwE51",83
0.0,Fri Jul 13 18:36:05 +0000 2018,0.0,1.0,@FoxNews,0.0,Never-before-seen Winston Churchill WWII photos surface https://t.co/vzXB5T1AXE,84
-0.4939,Fri Jul 13 18:31:09 +0000 2018,0.281,0.618,@FoxNews,0.101,'They Attacked Our Democracy': Top Dems Call for Trump to Cancel Putin Meeting https://t.co/CtaG41Clh0,85
0.09,Fri Jul 13 18:28:57 +0000 2018,0.082,0.818,@FoxNews,0.1,".@ChrisStirewalt on alleged Russian hacking: ""Telling [Vladimir Putin] to stop might be useful, but what probably i‚Ä¶ https://t.co/ymi5Ifh8VD",86
-0.6115,Fri Jul 13 18:22:00 +0000 2018,0.2,0.8,@FoxNews,0.0,".@POTUS: ""[Immigration is] changing the culture, I think it's a very negative thing for Europe... I know it's polit‚Ä¶ https://t.co/9nlot3EnyK",87
0.0,Fri Jul 13 18:20:58 +0000 2018,0.0,1.0,@FoxNews,0.0,President @realDonaldTrump has wrapped up his trip to England and is on his way to Scotland; @johnrobertsFox report‚Ä¶ https://t.co/NmZV41GiDE,88
0.0,Fri Jul 13 18:14:09 +0000 2018,0.0,1.0,@FoxNews,0.0,".@shelbyholliday on 12 Russian officers indicted in Mueller probe: ""It not only makes the Mueller probe more credib‚Ä¶ https://t.co/b3hHkAucJ5",89
-0.3818,Fri Jul 13 18:01:36 +0000 2018,0.284,0.567,@FoxNews,0.149,"Innovative project harnesses Legos and smartphones in the fight against invisible, deadly weapons https://t.co/tf5Scl8raW",90
-0.4824,Fri Jul 13 18:00:00 +0000 2018,0.281,0.719,@FoxNews,0.0,CDC WARNING: Do not eat 'Honey Smacks' cereal. https://t.co/ulyGFHK1Zj,91
0.2263,Fri Jul 13 17:59:29 +0000 2018,0.094,0.773,@FoxNews,0.133,"RT @FoxBusiness: .@MarkWarner on the 12 Russian intelligence officers indicted in Mueller probe: ""There should be no one-on-one meeting bet‚Ä¶",92
-0.5423,Fri Jul 13 17:50:12 +0000 2018,0.209,0.791,@FoxNews,0.0,OPINION: Republicans walked right into Peter Strzok's trap -- Here's what they missed (and Americans need to know) https://t.co/C8Mw7uheCo,93
0.0,Fri Jul 13 17:41:55 +0000 2018,0.0,1.0,@FoxNews,0.0,Queen Elizabeth II shakes hands with @POTUS and @FLOTUS during their visit to Windsor Castle.‚Ä¶ https://t.co/J4YgkCUWCp,94
-0.4592,Fri Jul 13 17:36:07 +0000 2018,0.222,0.778,@FoxNews,0.0,".@RepRussell: ""If we can't trust our own law enforcers, then we're in serious trouble."" #OutnumberedOT https://t.co/V1eyMQe9oW",95
0.0,Fri Jul 13 17:33:19 +0000 2018,0.0,1.0,@FoxNews,0.0,Former FBI lawyer Lisa Page arrives to face lawmakers over anti-Trump texts; Catherine Herridge reports. https://t.co/yMZvVAfnjh,96
0.0,Fri Jul 13 17:29:27 +0000 2018,0.0,1.0,@FoxNews,0.0,"RT @FoxBusiness: Rosenstein: ""We follow the rule of law, which means that we follow procedures and we reserve judgement."" https://t.co/atCs‚Ä¶",97
0.0,Fri Jul 13 17:23:56 +0000 2018,0.0,1.0,@FoxNews,0.0,".@BradSherman: ""We need to educate people not to believe everything that's on the Internet."" #OutnumberedOT https://t.co/kxDYBrDpix",98
0.0,Fri Jul 13 17:22:48 +0000 2018,0.0,1.0,@FoxNews,0.0,A Manhattanhenge sunset is seen from Pershing Square Bridge on Park Avenue over 42nd Street in New York City. (via‚Ä¶ https://t.co/2V84j9nLFF,99
0.0,Fri Jul 13 17:14:29 +0000 2018,0.0,1.0,@FoxNews,0.0,".@RepLeeZeldin: ""Russia meddles... We should be concerned about cyber-security."" #OutnumberedOT https://t.co/zedMheeoGh",100
-0.5574,Sat Jul 14 05:32:02 +0000 2018,0.141,0.859,@nytimes,0.0,RT @NYTNational: The volunteers of The √Åguilas del Desierto - Eagles of the Desert - work to find bodies of immigrants who died while makin‚Ä¶,1
0.0,Sat Jul 14 05:06:06 +0000 2018,0.0,1.0,@nytimes,0.0,"Nancy Barbato Sinatra, an Idol‚Äôs First Wife and Lasting Confidante, Dies at 101 https://t.co/Q4xT0ZOktH",2
-0.296,Sat Jul 14 04:55:42 +0000 2018,0.099,0.901,@nytimes,0.0,"""I get discriminated against all the time. No one thinks I‚Äôm a CEO. I sit on a plane and tell somebody, 'Well, I ru‚Ä¶ https://t.co/mjB9vBw1TZ",3
-0.5563,Sat Jul 14 04:39:05 +0000 2018,0.14,0.86,@nytimes,0.0,"‚ÄúShe so ugly I almost threw up. Ew.‚Äù
‚ÄúI was just staring at your bbbooo.....i mean eyes.‚Äù
‚ÄúGo back to the kitchen a‚Ä¶ https://t.co/yRDgH7oKDf",4
0.0,Sat Jul 14 04:22:03 +0000 2018,0.0,1.0,@nytimes,0.0,"RT @NYTMetro: Designs include skulls, flaming hearts with swords piercing them, spiders, roses, jellyfish, an upside-down bat, and a unicor‚Ä¶",5
-0.3182,Sat Jul 14 04:11:38 +0000 2018,0.173,0.827,@nytimes,0.0,"Trump Walks in Front of Queen Elizabeth, Causing Social Media Frenzy https://t.co/22TQkfSosk",6
0.7579,Sat Jul 14 04:02:05 +0000 2018,0.056,0.662,@nytimes,0.282,No one will win the Nobel Prize in Literature this year. But you ‚Äî along with the librarians of Sweden ‚Äî can help c‚Ä¶ https://t.co/rvMxGcauHt,7
0.0,Sat Jul 14 03:47:03 +0000 2018,0.0,1.0,@nytimes,0.0,"Wilbur Ross, the commerce secretary, said he would sell all of his remaining stock holdings after a government watc‚Ä¶ https://t.co/Vnk0WRf50E",8
0.2023,Sat Jul 14 03:39:42 +0000 2018,0.0,0.859,@nytimes,0.141,"A Giant Iceberg Parked Offshore. It‚Äôs Stunning, but Villagers Hit the Road. https://t.co/OU7lo9ldy0",9
-0.5267,Sat Jul 14 03:32:04 +0000 2018,0.145,0.855,@nytimes,0.0,"In 21 trips Tom Price took as health secretary, 20 of them violated federal travel rules, an inspector general said https://t.co/22IkjNMj0U",10
-0.4019,Sat Jul 14 03:17:02 +0000 2018,0.162,0.838,@nytimes,0.0,RT @nytgraphics: How Russia hacked the D.N.C. and Hillary Clinton‚Äôs presidential campaign in 2016. https://t.co/6oO8BdTmDN,11
0.8555,Sat Jul 14 03:02:03 +0000 2018,0.0,0.455,@nytimes,0.545,"Modern Love: What boxing taught me about love
https://t.co/rat4wkU5a2",12
-0.8807,Sat Jul 14 02:47:06 +0000 2018,0.397,0.603,@nytimes,0.0,2 men pleaded guilty to manslaughter charges in the death of a fire chief in an explosion of a Bronx house that had‚Ä¶ https://t.co/0cFXitFTVz,13
-0.0772,Sat Jul 14 02:32:05 +0000 2018,0.151,0.711,@nytimes,0.138,"Dan Coats, the director of national intelligence, said that the persistent danger of Russian cyberattacks today was‚Ä¶ https://t.co/2LT5knHY2n",14
-0.6407,Sat Jul 14 02:17:03 +0000 2018,0.216,0.784,@nytimes,0.0,RT @nytopinion: The indictments against 12 Russian agents don't exonerate President Trump. On the contrary -- they should worry anyone work‚Ä¶,15
-0.1779,Sat Jul 14 02:02:03 +0000 2018,0.144,0.738,@nytimes,0.118,"In the tug of war between workers and investors over how to divvy up the nation's wealth, Americans living on a pay‚Ä¶ https://t.co/T5PibgTyjs",16
0.2023,Sat Jul 14 01:48:04 +0000 2018,0.0,0.913,@nytimes,0.087,"A top Uber executive is under scrutiny for his comments on race and women, casting a shadow on the company‚Äôs effort‚Ä¶ https://t.co/5vQLWgA19B",17
0.0,Sat Jul 14 01:37:29 +0000 2018,0.0,1.0,@nytimes,0.0,"RT @MikeIsaac: During his first six months on the job, Barney Harford, Uber‚Äôs chief operating officer, has exhibited a pattern of upsetting‚Ä¶",18
0.2831,Sat Jul 14 01:32:02 +0000 2018,0.083,0.757,@nytimes,0.16,"‚ÄúI almost feel like I‚Äôm making up for lost time,‚Äù Kim Gordon says. ‚ÄúI feel like I owe it to myself. Because my whol‚Ä¶ https://t.co/mqeNSBtRWL",19
0.0,Sat Jul 14 01:17:06 +0000 2018,0.0,1.0,@nytimes,0.0,RT @katierogers: New QUEEN feature from me (w/ @sewellchan as the unsung editor hero): Queen Elizabeth II has met a dozen presidents. Dance‚Ä¶,20
0.0,Sat Jul 14 01:02:06 +0000 2018,0.0,1.0,@nytimes,0.0,Evening Briefing: Here's what you need to know at the end of the day https://t.co/gE3aPm7FAX,21
-0.5574,Sat Jul 14 00:47:05 +0000 2018,0.146,0.854,@nytimes,0.0,"Linda Daniels relied on an oxygen machine, and died hours after her power was shut off for overdue bills. Her famil‚Ä¶ https://t.co/e9ZDQJliUZ",22
0.1779,Sat Jul 14 00:32:04 +0000 2018,0.111,0.711,@nytimes,0.178,A village in Greenland is on alert amid fears that a huge iceberg could break apart and send a flood wave over the‚Ä¶ https://t.co/ZkZKVgxChH,23
0.128,Sat Jul 14 00:17:02 +0000 2018,0.125,0.696,@nytimes,0.179,RT @maggieNYT: ‚ÄúThe nation‚Äôs top intelligence officer said on Friday that the persistent danger of Russian cyberattacks today was akin to t‚Ä¶,24
0.4215,Sat Jul 14 00:02:05 +0000 2018,0.0,0.851,@nytimes,0.149,You might get one last opportunity to see Manhattanhenge tonight. Here's what you need to know. https://t.co/QHfEQwO8tl,25
0.0,Fri Jul 13 23:47:05 +0000 2018,0.0,1.0,@nytimes,0.0,"The ""plazafication of New York"" ‚Äî closing a street to traffic and turning it into a pedestrian zone ‚Äî was once a pr‚Ä¶ https://t.co/9PVUvCnWk6",26
0.7506,Fri Jul 13 23:32:03 +0000 2018,0.0,0.726,@nytimes,0.274,"A jet black sarcophagus, perfectly sealed despite being 2,000 years old, is a rare find in Egypt, where treasure hu‚Ä¶ https://t.co/N076i3VxO5",27
0.0,Fri Jul 13 23:17:05 +0000 2018,0.0,1.0,@nytimes,0.0,RT @ScottCacciola: Conducted an anthropological study at summer league by talking to a bunch of people wearing Kobe jerseys about LeBron. T‚Ä¶,28
0.6249,Fri Jul 13 23:02:05 +0000 2018,0.0,0.758,@nytimes,0.242,New York Gov. Andrew Cuomo appeared to embrace elements of a state Health Department report that favored legalizing‚Ä¶ https://t.co/0mfrTHTs5t,29
0.0,Fri Jul 13 22:47:05 +0000 2018,0.0,1.0,@nytimes,0.0,Evening Briefing: Here's what you need to know at the end of the day https://t.co/MDrPmbPkvD,30
0.0,Fri Jul 13 22:32:04 +0000 2018,0.0,1.0,@nytimes,0.0,"Maggie Smith, Michelle Dockery, Hugh Bonneville and other cast members will return to Highclere castle for a ""Downt‚Ä¶ https://t.co/VoF5OaHxdQ",31
0.5859,Fri Jul 13 22:17:03 +0000 2018,0.0,0.814,@nytimes,0.186,"RT @NYTScience: Manhattanhenge put on a nice show last night. You'll get another chance to watch it on Friday night, and the weather foreca‚Ä¶",32
0.0,Fri Jul 13 22:02:01 +0000 2018,0.0,1.0,@nytimes,0.0,"""I know I could run a company. And I could do it really well,"" says Tiler Peck of New York City Ballet. A new docum‚Ä¶ https://t.co/dpzk7W07L4",33
0.4588,Fri Jul 13 21:47:02 +0000 2018,0.0,0.84,@nytimes,0.16,"RT @nytmike: The same day Trump encouraged Russia in the middle of the 2016 campaign to hack Clinton's emails, Russian hackers launched the‚Ä¶",34
-0.2263,Fri Jul 13 21:32:05 +0000 2018,0.128,0.872,@nytimes,0.0,Forget video assistant referees. A translation app was the World Cup's biggest technological advance. https://t.co/UL2kuAqbd5,35
-0.5106,Fri Jul 13 21:11:07 +0000 2018,0.125,0.875,@nytimes,0.0,RT @nytimesarts: Scarlett Johansson has dropped out of the movie ‚ÄúRub &amp; Tug‚Äù after outcry for taking on the role of a transgender man https‚Ä¶,36
0.0,Fri Jul 13 20:55:05 +0000 2018,0.0,1.0,@nytimes,0.0,‚ÄúHannah Gadsby: Nanette‚Äù has become a word-of-mouth phenomenon. Here's what to read about it. https://t.co/QDm7UvBft2,37
-0.2732,Fri Jul 13 20:44:02 +0000 2018,0.13,0.87,@nytimes,0.0,RT @NYTMetro: New York's low rate of organ donor registration is causing a transplant nightmare. https://t.co/EjsyBow8wJ,38
0.7506,Fri Jul 13 20:33:07 +0000 2018,0.0,0.738,@nytimes,0.262,"It took plastic cocoons and anti-anxiety pills, bravery and providence, to save the soccer team. ‚ÄúSo many things co‚Ä¶ https://t.co/tPEqGwIXgV",39
0.1779,Fri Jul 13 20:20:06 +0000 2018,0.0,0.922,@nytimes,0.078,"The marijuana industry is growing and the stock prices of companies that grow, process and sell it have been rising https://t.co/ofyY7GTMpR",40
-0.7152,Fri Jul 13 20:10:05 +0000 2018,0.291,0.709,@nytimes,0.0,"RT @nytgraphics: The Mueller investigation so far:
- More than 100 charges
- 32 people and 3 companies charged 
- 5 guilty pleas
- 25 Russi‚Ä¶",41
0.7178,Fri Jul 13 19:52:04 +0000 2018,0.083,0.652,@nytimes,0.264,The idea that a minor loss can be more motivating than a major win have big implications for how the working class‚Ä¶ https://t.co/FTB3y3rvju,42
0.431,Fri Jul 13 19:42:06 +0000 2018,0.0,0.831,@nytimes,0.169,It isn't all bad out there. 7 good-news stories that we wrote about this week: https://t.co/ei62GQnv0W,43
0.2023,Fri Jul 13 19:32:04 +0000 2018,0.133,0.703,@nytimes,0.164,"Modern Love: After being assaulted in a park, a young woman sought refuge in marriage. When that didn‚Äôt work, she s‚Ä¶ https://t.co/8bEDadT4sN",44
0.0,Fri Jul 13 19:22:04 +0000 2018,0.0,1.0,@nytimes,0.0,European allies have begun to believe that underneath President Trump's bluster there is a strategy: to undercut Eu‚Ä¶ https://t.co/bWlhXjXASV,45
0.0,Fri Jul 13 19:12:01 +0000 2018,0.0,1.0,@nytimes,0.0,Fact Check: 10 falsehoods from President Trump's news conference with Theresa May https://t.co/rv9qFtSBq0,46
-0.6124,Fri Jul 13 19:10:14 +0000 2018,0.167,0.833,@nytimes,0.0,RT @NYTSports: Spot the Ball just crushed our Sports Editor's soul. He sits next to the guy who makes it yet scored 12.3%. No one is safe.‚Ä¶,47
0.0,Fri Jul 13 19:02:04 +0000 2018,0.0,1.0,@nytimes,0.0,üëÄ https://t.co/myKh7yleWb,48
-0.5423,Fri Jul 13 18:52:04 +0000 2018,0.156,0.844,@nytimes,0.0,McDonald‚Äôs salads have been linked to an intestinal parasite outbreak in the Midwest that has sickened over 100 peo‚Ä¶ https://t.co/MDiBnhLnuD,49
0.0,Fri Jul 13 18:42:05 +0000 2018,0.0,1.0,@nytimes,0.0,"LeBron James, the longtime nemesis of Kobe Bryant stans, is now the face of the franchise. And they are not impress‚Ä¶ https://t.co/mhtpPetan2",50
-0.4767,Fri Jul 13 18:22:06 +0000 2018,0.154,0.846,@nytimes,0.0,The British police have found a possible break in the 4-month-old investigation into an attack on a former Russian‚Ä¶ https://t.co/0ZbvYxwzxr,51
0.5267,Fri Jul 13 18:12:02 +0000 2018,0.0,0.812,@nytimes,0.188,"A special election in Ohio will test the power of the rural vote against the kind of affluent, rapidly growing subu‚Ä¶ https://t.co/7AMqkbVqSO",52
-0.2263,Fri Jul 13 18:02:02 +0000 2018,0.16,0.84,@nytimes,0.0,"Fact Check: President Trump's criticisms of London's mayor, Sadiq Khan https://t.co/jT1lc9cgMl",53
-0.34,Fri Jul 13 17:52:05 +0000 2018,0.233,0.636,@nytimes,0.131,"12 Russian intelligence officials have been indicted on charges of conspiracy, money laundering and attempts to bre‚Ä¶ https://t.co/h6ewsU29QY",54
-0.34,Fri Jul 13 17:42:04 +0000 2018,0.103,0.897,@nytimes,0.0,RT @nytopinion: What Boris Johnson calls the ‚Äúmethod‚Äù in Trump‚Äôs ‚Äúmadness‚Äù is a refusal to listen to inconvenient evidence of the sort prov‚Ä¶,55
-0.4588,Fri Jul 13 17:32:05 +0000 2018,0.125,0.875,@nytimes,0.0,"RT @katierosman: Meet the plaintiffs. Men's rights activist in California are filing law suits, lots of them, arguing that their civil righ‚Ä¶",56
0.0,Fri Jul 13 17:22:17 +0000 2018,0.0,1.0,@nytimes,0.0,"RT @anniecorreal: Yeni Gonz√°lez, whose journey to New York we documented in The  Daily, is about to retrieve her three children nearly two‚Ä¶",57
0.0,Fri Jul 13 17:22:05 +0000 2018,0.0,1.0,@nytimes,0.0,"A ""Downton Abbey"" movie is coming https://t.co/LKOC5QkZ4b",58
0.4939,Fri Jul 13 17:12:02 +0000 2018,0.141,0.563,@nytimes,0.296,"Found: A 2,000-year-old sarcophagus that was perfectly sealed.
Inside: Unclear. https://t.co/7RiNbIVHxf",59
-0.0772,Fri Jul 13 17:02:05 +0000 2018,0.071,0.929,@nytimes,0.0,"Option A: Take a dip at the Astoria Pool.  
Option B: Feast on noodles and dumplings in Chinatown. https://t.co/c4RwOOOkoB",60
0.0,Fri Jul 13 16:52:05 +0000 2018,0.0,1.0,@nytimes,0.0,RT @nytpolitics: The White House has ordered that more lawmakers be given access to classified information about an informant the F.B.I. us‚Ä¶,61
0.0,Fri Jul 13 16:42:04 +0000 2018,0.0,1.0,@nytimes,0.0,Did you stay up to date this week? Take our news quiz to find out. https://t.co/zW725ZehqS,62
-0.2263,Fri Jul 13 16:32:05 +0000 2018,0.112,0.888,@nytimes,0.0,RT @NYTSports: Forget video assistant referees. A translation app was the World Cup's biggest technological advance. https://t.co/HZNC5Ls0lk,63
-0.3182,Fri Jul 13 16:22:40 +0000 2018,0.141,0.859,@nytimes,0.0,"Confused by the Russia investigation? Here are the key themes, dates and people involved. https://t.co/slPMlSqlxL",64
0.4767,Fri Jul 13 16:15:28 +0000 2018,0.0,0.846,@nytimes,0.154,"RT @peterbakernyt: Mueller indictments of Russians tie the hacking directly to the GRU, the Russian military intelligence agency.",65
-0.2732,Fri Jul 13 16:13:36 +0000 2018,0.104,0.896,@nytimes,0.0,Rod Rosenstein is discussing the charges during a news conference as President Trump meets with the queen of Englan‚Ä¶ https://t.co/tdXSXGBWUM,66
0.3182,Fri Jul 13 16:12:28 +0000 2018,0.086,0.766,@nytimes,0.148,"Breaking News: Twelve Russian intelligence officers were charged in the hacking of Democrats‚Äô emails, days before P‚Ä¶ https://t.co/5REI9AAjzn",67
0.0,Fri Jul 13 16:12:04 +0000 2018,0.0,1.0,@nytimes,0.0,"The TSA agents who search your bags and body at the airport can‚Äôt be sued for misconduct, an appeals court said, be‚Ä¶ https://t.co/vviAED4mB0",68
-0.7906,Fri Jul 13 16:00:48 +0000 2018,0.286,0.714,@nytimes,0.0,"He first tried to deny he had criticized the prime minister and blamed the media.
He then tried to compensate by la‚Ä¶ https://t.co/55Dxi9NUjl",69
-0.296,Fri Jul 13 15:52:04 +0000 2018,0.099,0.901,@nytimes,0.0,"""I get discriminated against all the time. No one thinks I‚Äôm a CEO. I sit on a plane and tell somebody, 'Well, I ru‚Ä¶ https://t.co/kq2StHQVIo",70
0.0,Fri Jul 13 15:42:03 +0000 2018,0.0,1.0,@nytimes,0.0,"Microsoft called for stiffer regulation of facial recognition technology, in a rare case of a tech company urging m‚Ä¶ https://t.co/8RL6rGSRra",71
0.0,Fri Jul 13 15:32:02 +0000 2018,0.0,1.0,@nytimes,0.0,"In a interview, President Trump castigated Theresa May for her approach to Brexit and said it might jeopardize a tr‚Ä¶ https://t.co/kE9CWXJnTS",72
-0.4939,Fri Jul 13 15:17:13 +0000 2018,0.144,0.856,@nytimes,0.0,"Tom Price, the former secretary of health and human services, wasted at least $341,000 by billing taxpayers for his‚Ä¶ https://t.co/o5edDB43CH",73
0.4939,Fri Jul 13 15:12:00 +0000 2018,0.116,0.64,@nytimes,0.244,Pomp and protest: The best photos from President Trump's visit to Europe https://t.co/hFFBIVMz75,74
0.3818,Fri Jul 13 15:02:06 +0000 2018,0.0,0.86,@nytimes,0.14,"""If I learned one thing from marriage, it‚Äôs that finding a man to protect me isn‚Äôt the answer"" https://t.co/lnRuKjcu8w",75
-0.5994,Fri Jul 13 14:52:07 +0000 2018,0.163,0.837,@nytimes,0.0,"RT @michikokakutani: My mother‚Äôs family was among the 120,000 Japanese Americans sent to internment camps during World War II. 
With Trump'‚Ä¶",76
0.7778,Fri Jul 13 14:42:07 +0000 2018,0.0,0.688,@nytimes,0.312,"How ""The Kissing Booth,"" a teen rom-com on Netflix, became one of the summer‚Äôs most popular movies https://t.co/ok0EHOSYv6",77
0.0,Fri Jul 13 14:32:08 +0000 2018,0.0,1.0,@nytimes,0.0,What has been different about the wildfires in California this year? It's not just the scale and the timing.  https://t.co/fpDzFlAFBF,78
0.4215,Fri Jul 13 14:22:05 +0000 2018,0.0,0.833,@nytimes,0.167,"Can a social network still offer a platform for politics? Nextdoor, the neighborhood site, hopes so. https://t.co/SVLsUe53lJ",79
0.0,Fri Jul 13 14:18:38 +0000 2018,0.0,1.0,@nytimes,0.0,RT @nytimesworld: Follow our reporters @CeylanWrites @_StephenCastle @kimidefreytas and @Magraki who are covering President Trump's visit t‚Ä¶,80
0.6486,Fri Jul 13 14:12:04 +0000 2018,0.0,0.739,@nytimes,0.261,Brits tweeted about their hopes that Prime Minister Theresa May would channel her inner Hugh Grant https://t.co/GSQ4cIXruF,81
-0.4939,Fri Jul 13 14:02:05 +0000 2018,0.138,0.862,@nytimes,0.0,RT @xanalter: Many dejected Democrats have fantasized about Obama and Biden coming out of political retirement and teaming up. Andrew Shaff‚Ä¶,82
-0.4019,Fri Jul 13 13:52:04 +0000 2018,0.153,0.847,@nytimes,0.0,"He filled 9,000 bottles with filthy water to draw attention to a Chinese village‚Äôs pollution problem https://t.co/qTuT2SBjYj",83
0.0,Fri Jul 13 13:42:04 +0000 2018,0.0,1.0,@nytimes,0.0,"Republicans had a plan for Missouri's attorney general, Josh Hawley. He's working on it. https://t.co/48BKWiUOmy",84
-0.5563,Fri Jul 13 13:32:02 +0000 2018,0.14,0.86,@nytimes,0.0,"‚ÄúShe so ugly I almost threw up. Ew.‚Äù
‚ÄúI was just staring at your bbbooo.....i mean eyes.‚Äù
‚ÄúGo back to the kitchen a‚Ä¶ https://t.co/nIwuNOxDJl",85
-0.2732,Fri Jul 13 13:22:04 +0000 2018,0.13,0.87,@nytimes,0.0,Gov. Cuomo is ferociously aiming to persuade the electorate that his feminism is sacrosanct https://t.co/6hkzTjhx2q,86
0.5972,Fri Jul 13 13:17:12 +0000 2018,0.0,0.777,@nytimes,0.223,"""I didn't criticize the prime minister"": President Trump, in the U.K., affirmed his support for Theresa May, after‚Ä¶ https://t.co/0BKAFw0H46",87
-0.5707,Fri Jul 13 13:12:05 +0000 2018,0.178,0.822,@nytimes,0.0,Stephen Colbert: ‚ÄúThis is the first time I‚Äôve seen Congress as frustrated with Congress as we are!‚Äù https://t.co/LxckMRrNUH,88
0.0,Fri Jul 13 13:02:06 +0000 2018,0.0,1.0,@nytimes,0.0,"4,500 tech workers, 1 mission: dragging Democratic campaigns into the digital age https://t.co/A3IpuZHMFf",89
-0.34,Fri Jul 13 12:52:04 +0000 2018,0.118,0.882,@nytimes,0.0,"RT @viaSimonRomero: I went to the U.S.-Mexico border for this story on the immigrant volunteers ‚Äî maids, gardeners, combat vets, constructi‚Ä¶",90
0.0,Fri Jul 13 12:42:02 +0000 2018,0.0,1.0,@nytimes,0.0,Morning Briefing: It's Friday. Here's what you need to know to start your day. https://t.co/81tEx69feF,91
0.0,Fri Jul 13 12:37:26 +0000 2018,0.0,1.0,@nytimes,0.0,RT @NYTmag: The New York Times Magazine is looking for full-time teachers who have second jobs year round to supplement their salaries. We‚Ä¶,92
-0.5106,Fri Jul 13 12:32:02 +0000 2018,0.223,0.711,@nytimes,0.066,The tension and uncertainty surrounding President Trump‚Äôs trip to Britain reached new heights last night. Here's th‚Ä¶ https://t.co/ogj1FfeICI,93
0.0,Fri Jul 13 12:28:07 +0000 2018,0.0,1.0,@nytimes,0.0,"The giant balloon depicting President Trump as a pouting orange baby took flight in London as part of Britain's ""St‚Ä¶ https://t.co/8Ggd6OG71f",94
0.4215,Fri Jul 13 12:22:04 +0000 2018,0.0,0.798,@nytimes,0.202,"Jason Kessler, who organized last year‚Äôs white supremacist rally in Charlottesville, said he would actively discour‚Ä¶ https://t.co/MrlttY5Ror",95
0.0,Fri Jul 13 12:12:07 +0000 2018,0.0,1.0,@nytimes,0.0,He became a punching bag for Republican lawmakers. So why did he offer to testify before them? https://t.co/RbdpKNgIEV,96
0.5106,Fri Jul 13 12:02:08 +0000 2018,0.0,0.837,@nytimes,0.163,"‚ÄúI still can‚Äôt believe it worked.‚Äù Inside the Thai soccer team's rescue: floating stretchers, anti-anxiety pills an‚Ä¶ https://t.co/ThBk0xA67i",97
-0.357,Fri Jul 13 11:47:03 +0000 2018,0.142,0.858,@nytimes,0.0,New York has rarely looked as grand and otherworldly as it does in these photographs https://t.co/g9YRQLgISJ,98
-0.2263,Fri Jul 13 11:32:06 +0000 2018,0.101,0.899,@nytimes,0.0,Many celebrities and politicians found their Twitter followings knocked down a few digits as the company slashed te‚Ä¶ https://t.co/FXHKIH47rb,99
-0.6486,Fri Jul 13 11:31:54 +0000 2018,0.218,0.782,@nytimes,0.0,"RT @nytimesworld: President Trump breathed new life into his long-running feud with the mayor of London, Sadiq Khan, making harsh comments‚Ä¶",100
